lemma,zipf
斜褍褌懈,6.07
褉芯斜懈褌懈,5.61
屑邪褌懈,5.45
蟹薪邪褌懈,5.30
卸懈褌懈,5.27
锌褉邪褑褞胁邪褌懈,5.23
谐芯胁芯褉懈褌懈,5.18
褔懈褌邪褌懈,5.13
泄褌懈,5.11
斜褉邪褌懈,5.07
斜邪褔懈褌懈,5.06
胁懈泻芯褉懈褋褌芯胁褍胁邪褌懈,5.04
锌懈褋邪褌懈,4.99
写懈胁懈褌懈褋褟,4.93
褔械泻邪褌懈,4.91
胁械褋褌懈,4.84
谐褉邪褌懈,4.84
褕褍泻邪褌懈,4.84
褩褏邪褌懈,4.83
写褍屑邪褌懈,4.81
褩褋褌懈,4.77
锌褉芯胁芯写懈褌懈,4.75
胁懈泻芯薪褍胁邪褌懈,4.74
褋锌邪褌懈,4.74
褏芯写懈褌懈,4.73
褔褍褌懈,4.73
锌懈褌懈,4.70
锌谢邪褌懈褌懈,4.69
蟹邪褏懈褖邪褌懈,4.68
锌褉懈泄屑邪褌懈,4.68
褌褉懈屑邪褌懈,4.68
褋懈写褨褌懈,4.66
褋谢褍褏邪褌懈,4.66
泻邪蟹邪褌懈,4.65
胁胁邪卸邪褌懈,4.64
蟹邪泄屑邪褌懈褋褟,4.64
斜芯褉芯褌懈褋褟,4.63
写褨褟褌懈,4.63
褉芯蟹褍屑褨褌懈,4.59
胁褨褉懈褌懈,4.56
芯褌褉懈屑褍胁邪褌懈,4.56
泻械褉褍胁邪褌懈,4.55
泻褍锌褍胁邪褌懈,4.55
斜褍写褍胁邪褌懈,4.54
薪邪蟹懈胁邪褌懈,4.54
胁褨写锌芯胁褨写邪褌懈,4.53
褉芯蟹屑芯胁谢褟褌懈,4.53
胁芯褞胁邪褌懈,4.52
锌褨写褌褉懈屑褍胁邪褌懈,4.52
褋褌胁芯褉褞胁邪褌懈,4.52
锌褉芯写芯胁卸褍胁邪褌懈,4.51
写邪胁邪褌懈,4.49
胁懈褉褨褕褍胁邪褌懈,4.47
胁斜懈胁邪褌懈,4.46
胁懈褏芯写懈褌懈,4.46
褋褌褉褨谢褟褌懈,4.46
胁懈谐谢褟写邪褌懈,4.45
锌芯褔懈薪邪褌懈,4.45
胁褔懈褌懈,4.44
写芯锌芯屑邪谐邪褌懈,4.44
泻芯薪褌褉芯谢褞胁邪褌懈,4.44
斜懈褌懈,4.43
蟹屑褨薪褞胁邪褌懈,4.43
薪邪写邪胁邪褌懈,4.41
薪械褋褌懈,4.41
褩蟹写懈褌懈,4.41
褨褌懈,4.40
褋褌芯褟褌懈,4.39
胁懈泻谢懈泻邪褌懈,4.38
泻芯褉懈褋褌褍胁邪褌懈褋褟,4.37
锌邪谢邪褌懈,4.37
胁懈屑邪谐邪褌懈,4.36
薪芯褋懈褌懈,4.36
褉芯蟹谐谢褟写邪褌懈,4.36
胁褨写褔褍胁邪褌懈,4.35
褉芯蟹锌芯胁褨写邪褌懈,4.35
褋褌邪胁懈褌懈,4.35
蟹写褨泄褋薪褞胁邪褌懈,4.34
胁褔懈褌懈褋褟,4.33
谢褞斜懈褌懈,4.33
锌邪屑'褟褌邪褌懈,4.33
褋锌褨谢泻褍胁邪褌懈褋褟,4.32
谐芯褌褍胁邪褌懈,4.31
锌芯泻邪蟹褍胁邪褌懈,4.31
锌褉芯写邪胁邪褌懈,4.30
褋锌芯褋褌械褉褨谐邪褌懈,4.30
胁懈褋褌褍锌邪褌懈,4.29
蟹薪褨屑邪褌懈,4.29
蟹斜懈褉邪褌懈,4.28
蟹邪谢懈褕邪褌懈褋褟,4.27
褋谢褍卸懈褌懈,4.27
写芯胁褨褉褟褌懈,4.26
胁懈胁褔邪褌懈,4.25
芯褔褨泻褍胁邪褌懈,4.25
蟹邪斜褍胁邪褌懈,4.24
斜芯褟褌懈褋褟,4.23
锌谢邪泻邪褌懈,4.23
锌芯写邪胁邪褌懈,4.23
锌褉芯褋懈褌懈,4.23
蟹邪褋褌芯褋芯胁褍胁邪褌懈,4.22
蟹胁邪褌懈,4.22
褋褍写懈褌懈,4.22
胁褌褉邪褔邪褌懈,4.21
蟹邪褉芯斜谢褟褌懈,4.21
褨褋薪褍胁邪褌懈,4.21
蟹斜械褉褨谐邪褌懈,4.20
褋锌褨胁邪褌懈,4.20
胁懈褌褉邪褔邪褌懈,4.18
谐芯谢芯褋褍胁邪褌懈,4.18
锌芯褟褋薪褞胁邪褌懈,4.18
蟹邪谢懈褕邪褌懈,4.17
胁锌谢懈胁邪褌懈,4.16
胁褨写写邪胁邪褌懈,4.16
胁褨写泻褉懈胁邪褌懈,4.16
锌芯褔懈褌邪褌懈,4.15
芯斜懈褉邪褌懈,4.14
褉邪写褨褌懈,4.14
褌械褉锌褨褌懈,4.14
谐芯写褍胁邪褌懈,4.13
谢褨泻褍胁邪褌懈,4.12
褍褌褉懈屑褍胁邪褌懈,4.12
胁懈斜懈褉邪褌懈,4.11
谢褨褌邪褌懈,4.11
锌芯胁邪卸邪褌懈,4.11
蟹谐邪写褍胁邪褌懈,4.10
泻褉懈褔邪褌懈,4.10
芯斜谐芯胁芯褉褞胁邪褌懈,4.10
锌械褉械胁褨褉褟褌懈,4.10
褉械邪谐褍胁邪褌懈,4.10
胁褋褌邪薪芯胁谢褞胁邪褌懈,4.09
胁卸懈胁邪褌懈,4.08
屑褨薪褟褌懈,4.08
褉芯蟹褋谢褨写褍胁邪褌懈,4.07
斜褉械褏邪褌懈,4.06
锌褉芯褌懈褋褌芯褟褌懈,4.06
褋锌褉懈褟褌懈,4.06
胁胁芯写懈褌懈,4.05
褉芯蟹胁懈胁邪褌懈,4.05
褉芯蟹褉邪褏芯胁褍胁邪褌懈,4.05
褋锌褉懈泄屑邪褌懈,4.05
褌褨泻邪褌懈,4.05
薪邪屑邪谐邪褌懈褋褟,4.04
褉械邪谢褨蟹褍胁邪褌懈,4.04
褉褍褏邪褌懈褋褟,4.04
褌邪薪褑褞胁邪褌懈,4.04
锌芯褉褍褕褍胁邪褌懈,4.03
锌褉芯褏芯写懈褌懈,4.03
锌械褉械写邪胁邪褌懈,4.02
褉芯褋褌懈,4.02
泻褉邪褋褌懈,4.01
屑芯胁懈褌懈,4.01
褋锌芯写褨胁邪褌懈褋褟,4.01
蟹邪褏芯写懈褌懈,4.00
泻懈写邪褌懈,4.00
泻褉懈褌懈泻褍胁邪褌懈,4.00
锌谢褞胁邪褌懈,4.00
褉褟褌褍胁邪褌懈,4.00
胁懈蟹薪邪胁邪褌懈,3.99
写芯褌褉懈屑褍胁邪褌懈褋褟,3.99
锌芯胁械褉褌邪褌懈褋褟,3.99
褋泻谢邪写邪褌懈,3.99
胁懈泻芯褉懈褋褌芯胁褍胁邪褌懈褋褟,3.98
谐邪褉邪薪褌褍胁邪褌懈,3.97
蟹邪胁邪卸邪褌懈,3.97
蟹胁械褉褌邪褌懈褋褟,3.97
屑邪谢褞胁邪褌懈,3.97
锌邪谢懈褌懈,3.97
褔懈薪懈褌懈,3.97
胁懈写邪胁邪褌懈,3.96
胁褉邪褏芯胁褍胁邪褌懈,3.96
写褟泻褍胁邪褌懈,3.96
谢褨泻胁褨写褍胁邪褌懈,3.96
锌懈褌邪褌懈,3.96
褋锌谢邪褔褍胁邪褌懈,3.96
蟹'褟胁谢褟褌懈褋褟,3.95
蟹邪斜械蟹锌械褔褍胁邪褌懈,3.95
谢芯胁懈褌懈,3.95
锌械褉械褏芯写懈褌懈,3.95
斜懈褌懈褋褟,3.94
胁懈褉芯斜谢褟褌懈,3.94
蟹邪斜懈褉邪褌懈,3.94
芯斜褨泄屑邪褌懈,3.94
锌芯胁芯写懈褌懈褋褟,3.94
褋胁褟褌泻褍胁邪褌懈,3.94
褋褌邪胁懈褌懈褋褟,3.94
褋褌胁械褉写卸褍胁邪褌懈,3.94
胁屑褨褌懈,3.93
写懈褏邪褌懈,3.93
写芯胁芯写懈褌懈,3.93
蟹写邪胁邪褌懈,3.93
褉邪褏褍胁邪褌懈,3.93
褋褏芯写懈褌懈,3.93
褍薪懈泻邪褌懈,3.93
斜褨谐邪褌懈,3.92
谢械卸邪褌懈,3.92
屑芯胁褔邪褌懈,3.92
锌芯胁褌芯褉褞胁邪褌懈,3.92
褋锌褨胁锌褉邪褑褞胁邪褌懈,3.92
褌褉懈胁邪褌懈,3.92
胁芯谢芯写褨褌懈,3.91
蟹胁褨谢褜薪褟褌懈,3.91
蟹褍褋褌褉褨褔邪褌懈褋褟,3.91
胁懈蟹薪邪褔邪褌懈,3.90
胁懈锌褍褋泻邪褌懈,3.90
锌芯写芯褉芯卸褍胁邪褌懈,3.90
锌褉懈蟹薪邪褔邪褌懈,3.90
褉芯蟹胁懈胁邪褌懈褋褟,3.90
褉芯蟹泻邪蟹褍胁邪褌懈,3.90
锌懈褕邪褌懈褋褟,3.89
锌褉械写褋褌邪胁谢褟褌懈,3.89
锌褉懈褏芯胁褍胁邪褌懈,3.89
褋褌械卸懈褌懈,3.89
褌懈褋薪褍褌懈,3.89
斜谢芯泻褍胁邪褌懈,3.88
胁懈泻谢邪写邪褌懈,3.88
写芯谐谢褟写邪褌懈,3.88
锌芯胁械褉褌邪褌懈,3.88
褋屑褨褟褌懈褋褟,3.88
褋褌邪胁邪褌懈,3.88
写芯写邪胁邪褌懈,3.87
蟹写邪胁邪褌懈褋褟,3.87
褌芯褉谐褍胁邪褌懈,3.87
胁褨写锌褉邪胁谢褟褌懈,3.86
谐芯褌褍胁邪褌懈褋褟,3.86
蟹薪邪褏芯写懈褌懈,3.86
褉械褎芯褉屑褍胁邪褌懈,3.86
褌褉懈屑邪褌懈褋褟,3.86
谐褍谢褟褌懈,3.85
屑芯谢懈褌懈褋褟,3.85
薪邪胁褔邪褌懈,3.85
薪邪胁褔邪褌懈褋褟,3.85
锌褨写薪褨屑邪褌懈,3.85
斜褨谐褌懈,3.84
胁褨写斜褍胁邪褌懈褋褟,3.84
泻芯褕褌褍胁邪褌懈,3.84
屑褉褨褟褌懈,3.84
锌芯褉褨胁薪褞胁邪褌懈,3.84
锌芯褕懈褉褞胁邪褌懈,3.84
锌褉懈斜懈褉邪褌懈,3.83
锌褉懈薪芯褋懈褌懈,3.83
胁褋褌褍锌邪褌懈,3.82
泻芯屑械薪褌褍胁邪褌懈,3.82
锌谢邪胁邪褌懈,3.82
褉懈蟹懈泻褍胁邪褌懈,3.82
胁褨写胁褨写褍胁邪褌懈,3.81
胁褨写锌芯褔懈胁邪褌懈,3.81
蟹褉芯褋褌邪褌懈,3.81
芯褑褨薪褞胁邪褌懈,3.81
泻芯锌邪褌懈,3.80
锌械褉械斜褍胁邪褌懈,3.80
锌芯胁褨写芯屑谢褟褌懈,3.80
胁谢邪褕褌芯胁褍胁邪褌懈,3.79
屑褨褋褌懈褌懈,3.79
芯蟹薪邪褔邪褌懈,3.79
褋褉邪褌懈,3.79
胁褨写褋褌芯褞胁邪褌懈,3.78
泻芯屑锌械薪褋褍胁邪褌懈,3.78
谢褨蟹褌懈,3.78
邪薪邪谢褨蟹褍胁邪褌懈,3.77
胁泻邪蟹褍胁邪褌懈,3.77
蟹邪泻褉懈胁邪褌懈,3.77
褋锌械褉械褔邪褌懈褋褟,3.77
褌褟谐薪褍褌懈,3.77
褨薪胁械褋褌褍胁邪褌懈,3.77
胁懈褏芯胁褍胁邪褌懈,3.76
泻邪褉邪褌懈,3.76
芯锌谢邪褔褍胁邪褌懈,3.76
褨薪褨褑褨褞胁邪褌懈,3.76
胁褏芯写懈褌懈,3.75
蟹邪锌懈褋褍胁邪褌懈,3.75
屑懈褌懈,3.75
薪邪褋褉邪褌懈,3.75
锌褨写褏芯写懈褌懈,3.75
褌胁芯褉懈褌懈,3.75
胁屑懈褉邪褌懈,3.74
写褨谢懈褌懈,3.74
邪褌邪泻褍胁邪褌懈,3.73
胁泻谢褞褔邪褌懈,3.73
谐褉邪斜褍胁邪褌懈,3.73
蟹薪懈褖褍胁邪褌懈,3.73
泻褍锌谢褟褌懈,3.73
锌谢褍褌邪褌懈,3.73
锌褉芯斜褍胁邪褌懈,3.73
锌褍斜谢褨泻褍胁邪褌懈,3.73
胁懈写邪谢褟褌懈,3.72
胁褋褌邪胁邪褌懈,3.72
写芯褋褟谐邪褌懈,3.72
蟹邪泄屑邪褌懈,3.72
泻谢邪褋褌懈,3.72
褨谐薪芯褉褍胁邪褌懈,3.72
胁褨写薪芯胁谢褞胁邪褌懈,3.71
锌褉邪胁懈褌懈,3.71
锌褍褋泻邪褌懈,3.71
褋谢褨写泻褍胁邪褌懈,3.71
褎芯褉屑褍胁邪褌懈,3.71
胁懈写褨谢褟褌懈,3.70
胁褌褉褍褔邪褌懈褋褟,3.70
械泻芯薪芯屑懈褌懈,3.70
蟹邪谢械卸邪褌懈,3.70
蟹邪锌械褉械褔褍胁邪褌懈,3.70
蟹胁懈薪褍胁邪褔褍胁邪褌懈,3.70
胁械蟹褌懈,3.69
锌邪褋褌懈,3.69
褔褨锌邪褌懈,3.69
谐褉邪褌懈褋褟,3.68
芯斜褋谢褍谐芯胁褍胁邪褌懈,3.68
芯褏芯褉芯薪褟褌懈,3.68
锌械褉械胁懈褖褍胁邪褌懈,3.68
锌械褉械谐谢褟写邪褌懈,3.68
锌械褉械卸懈胁邪褌懈,3.68
锌褉懈褏芯写懈褌懈,3.68
褉械屑芯薪褌褍胁邪褌懈,3.68
胁薪芯褋懈褌懈,3.67
写芯屑芯胁谢褟褌懈褋褟,3.67
薪邪谐邪写褍胁邪褌懈,3.67
锌褨写胁懈褖褍胁邪褌懈,3.67
褋褌褉懈斜邪褌懈,3.67
写邪褉褍胁邪褌懈,3.66
写斜邪褌懈,3.66
写褨谢懈褌懈褋褟,3.66
蟹邪谢褍褔邪褌懈,3.66
锌械褉械褋谢褨写褍胁邪褌懈,3.66
褋邪写懈褌懈,3.66
褍锌褉邪胁谢褟褌懈,3.66
褨写械薪褌懈褎褨泻褍胁邪褌懈,3.66
写械屑芯薪褋褌褉褍胁邪褌懈,3.65
写蟹胁芯薪懈褌懈,3.65
写褉褍泻褍胁邪褌懈,3.65
屑懈褋谢懈褌懈,3.65
薪邪写褋懈谢邪褌懈,3.65
锌邪写邪褌懈,3.65
锌谢邪薪褍胁邪褌懈,3.65
褋胁褨写褔懈褌懈,3.65
褋褌邪薪芯胁懈褌懈,3.65
褏芯褌褨褌懈,3.65
谐薪邪褌懈,3.64
写芯锌褍褋泻邪褌懈,3.64
泻褍褉懈褌懈,3.64
薪械薪邪胁懈写褨褌懈,3.64
锌芯褋褌邪褔邪褌懈,3.64
锌褨泻谢褍胁邪褌懈褋褟,3.64
褋褌褉邪卸写邪褌懈,3.64
褎褨薪邪薪褋褍胁邪褌懈,3.64
胁懈胁芯写懈褌懈,3.63
胁懈泻懈写邪褌懈,3.63
胁懈褟胁谢褟褌懈,3.63
褋谢褨写褍胁邪褌懈,3.63
斜械褉械谐褌懈,3.62
胁褨写屑芯胁谢褟褌懈褋褟,3.62
写芯蟹胁芯谢褟褌懈,3.62
卸邪褉褌褍胁邪褌懈,3.62
卸械褉褌懈,3.62
蟹胁械褉褌邪褌懈,3.62
锌械褉械胁芯蟹懈褌懈,3.62
褋褍屑褍胁邪褌懈,3.62
胁懈褋谢芯胁谢褞胁邪褌懈,3.61
薪邪褉芯写卸褍胁邪褌懈,3.61
锌褉芯锌芯薪褍胁邪褌懈,3.61
褍褟胁谢褟褌懈,3.61
褏芯胁邪褌懈,3.61
胁芯蟹懈褌懈,3.60
胁褨褌邪褌懈,3.60
蟹邪斜芯褉芯薪褟褌懈,3.60
蟹邪写邪胁邪褌懈,3.60
蟹邪褌褉懈屑褍胁邪褌懈,3.60
泻芯薪泻褍褉褍胁邪褌懈,3.60
泻芯褏邪褌懈,3.60
薪邪谢械卸邪褌懈,3.60
锌芯褋锌褨褕邪褌懈,3.60
褌褍褉斜褍胁邪褌懈褋褟,3.60
胁胁邪卸邪褌懈褋褟,3.59
蟹胁芯写懈褌懈,3.59
蟹屑褨薪褞胁邪褌懈褋褟,3.59
屑邪薪褨锌褍谢褞胁邪褌懈,3.59
锌械褉械屑邪谐邪褌懈,3.59
锌褉芯褌懈写褨褟褌懈,3.59
褉褨蟹邪褌懈,3.59
胁懈胁芯蟹懈褌懈,3.58
胁懈褉芯褖褍胁邪褌懈,3.58
胁褨写褉褨蟹邪褌懈,3.58
锌褋褍胁邪褌懈,3.58
褉械写邪谐褍胁邪褌懈,3.58
褉芯蟹斜懈褉邪褌懈褋褟,3.58
褔懈褋褌懈褌懈,3.58
胁褨写锌褍褋泻邪褌懈,3.57
蟹邪褋褌芯褋芯胁褍胁邪褌懈褋褟,3.57
蟹屑褍褕褍胁邪褌懈,3.57
锌芯屑懈褉邪褌懈,3.57
褌褉械薪褍胁邪褌懈,3.57
胁懈谐芯褌芯胁谢褟褌懈,3.56
胁懈锌褉芯斜褍胁邪褌懈,3.56
胁褨写泻谢懈泻邪褌懈,3.56
蟹斜懈褉邪褌懈褋褟,3.56
蟹褍锌懈薪褟褌懈褋褟,3.56
谢械褌褨褌懈,3.56
锌械褉械薪芯褋懈褌懈,3.56
锌芯褋懈谢邪褌懈,3.56
锌褨写锌懈褋褍胁邪褌懈,3.56
褉芯蟹谐谢褟写邪褌懈褋褟,3.56
胁懈薪芯褋懈褌懈,3.55
胁锌褉芯胁邪写卸褍胁邪褌懈,3.55
胁褨褕邪褌懈,3.55
写芯褋谢褨写卸褍胁邪褌懈,3.55
薪邪褋芯谢芯写卸褍胁邪褌懈褋褟,3.55
锌芯屑褨褔邪褌懈,3.55
褉芯蟹褉芯斜谢褟褌懈,3.55
褉褍泄薪褍胁邪褌懈,3.55
褍褋胁褨写芯屑谢褞胁邪褌懈,3.55
胁泻谢邪写邪褌懈,3.54
蟹斜褨谢褜褕褍胁邪褌懈,3.54
锌褉懈锌懈薪褟褌懈,3.54
褎褍薪泻褑褨芯薪褍胁邪褌懈,3.54
褏芯胁邪褌懈褋褟,3.54
谐芯褉褨褌懈,3.53
薪邪斜懈褉邪褌懈,3.53
薪邪蟹懈胁邪褌懈褋褟,3.53
芯斜屑械卸褍胁邪褌懈,3.53
锌芯褋褌懈褌懈,3.53
褉芯蟹胁芯写懈褌懈,3.53
褋泻邪褉卸懈褌懈褋褟,3.53
褋褨写邪褌懈,3.53
胁懈锌褉邪胁谢褟褌懈,3.52
胁褨写褋褌褍锌邪褌懈,3.52
泻褍锌邪褌懈褋褟,3.52
谢褨泻褍胁邪褌懈褋褟,3.52
芯斜褉邪卸邪褌懈,3.52
锌械褉械泻谢邪写邪褌懈,3.52
锌械褉械泻芯薪褍胁邪褌懈,3.52
褏胁懈谢褞胁邪褌懈褋褟,3.52
蟹屑邪谐邪褌懈褋褟,3.51
谢邪屑邪褌懈,3.51
锌械褉械泄屑邪褌懈褋褟,3.51
锌芯胁芯写懈褌懈,3.51
锌芯蟹斜邪胁谢褟褌懈,3.51
锌芯褔褍胁邪褌懈,3.51
胁褌褨谢褞胁邪褌懈,3.50
蟹邪锌芯胁薪褞胁邪褌懈,3.50
蟹薪邪褏芯写懈褌懈褋褟,3.50
蟹褍褋褌褉褨褔邪褌懈,3.50
芯褉械薪写褍胁邪褌懈,3.50
胁懈褋褌邪胁谢褟褌懈,3.49
写芯谢邪褌懈,3.49
蟹邪胁芯写懈褌懈,3.49
蟹邪褏懈褖邪褌懈褋褟,3.49
蟹邪褏芯锌谢褞胁邪褌懈,3.49
谢械谐邪谢褨蟹褍胁邪褌懈,3.49
锌械褉械褌胁芯褉褞胁邪褌懈,3.49
褋屑芯泻褌邪褌懈,3.49
褑褨谢褍胁邪褌懈,3.49
胁邪褉懈褌懈,3.48
泻褉褍褌懈褌懈,3.48
芯褉谐邪薪褨蟹芯胁褍胁邪褌懈,3.48
锌褉邪谐薪褍褌懈,3.48
褋胁邪褉懈褌懈褋褟,3.48
褑褨薪褍胁邪褌懈,3.48
胁褨写泻谢邪写邪褌懈,3.47
写褉褍卸懈褌懈,3.47
械泻褋锌芯褉褌褍胁邪褌懈,3.47
芯锌褌懈屑褨蟹褍胁邪褌懈,3.47
褋褌懈屑褍谢褞胁邪褌懈,3.47
褌褍褉斜褍胁邪褌懈,3.47
蟹邪泻褨薪褔褍胁邪褌懈,3.46
泻芯薪褋褌邪褌褍胁邪褌懈,3.46
褉芯蟹褕懈褉褞胁邪褌懈,3.46
斜邪谢芯褌褍胁邪褌懈褋褟,3.45
胁懈谐邪写褍胁邪褌懈,3.45
锌芯褔褍胁邪褌懈褋褟,3.45
褋泻谢懈泻邪褌懈,3.45
褋褌褉懈屑褍胁邪褌懈,3.45
胁褨写褉褨蟹薪褟褌懈褋褟,3.44
蟹邪泻谢懈泻邪褌懈,3.44
蟹谢懈褌懈,3.44
锌褉械褌械薪写褍胁邪褌懈,3.44
胁褌褨泻邪褌懈,3.43
蟹邪胁写邪胁邪褌懈,3.43
谢懈蟹邪褌懈,3.43
薪邪褋褌褍锌邪褌懈,3.43
锌褉懈屑褍褕褍胁邪褌懈,3.43
褋锌邪谢褞胁邪褌懈,3.43
胁写邪胁邪褌懈,3.42
胁懈褉褨蟹邪褌懈,3.42
蟹'褩蟹写懈褌懈,3.42
蟹邪锌褉芯褕褍胁邪褌懈,3.42
薪邪锌邪写邪褌懈,3.42
锌械褉械褋褍胁邪褌懈褋褟,3.42
锌芯泻懈写邪褌懈,3.42
锌褉芯褌械褋褌褍胁邪褌懈,3.42
锌褉芯褟胁谢褟褌懈,3.42
胁懈卸懈胁邪褌懈,3.41
屑芯写械褉薪褨蟹褍胁邪褌懈,3.41
褉芯蟹写邪胁邪褌懈,3.41
褋褍屑薪褨胁邪褌懈褋褟,3.41
斜邪卸邪褌懈,3.40
写懈胁褍胁邪褌懈,3.40
写芯锌芯屑芯谐邪褌懈,3.40
蟹邪锌褍褋泻邪褌懈,3.40
蟹写褨泄褋薪褞胁邪褌懈褋褟,3.40
锌芯谢褞胁邪褌懈,3.40
锌芯屑懈谢褟褌懈褋褟,3.40
褋泻懈写邪褌懈,3.40
褋褍锌褉芯胁芯写卸褍胁邪褌懈,3.40
褉芯蟹泻褉懈胁邪褌懈,3.39
褋泻邪褋芯胁褍胁邪褌懈,3.39
胁屑懈泻邪褌懈,3.38
胁芯谢邪褌懈,3.38
谐械薪械褉褍胁邪褌懈,3.38
写懈褋泻褍褌褍胁邪褌懈,3.38
蟹邪斜懈胁邪褌懈,3.38
蟹褍锌懈薪褟褌懈,3.38
薪邪斜褍胁邪褌懈,3.38
锌械褉械褕泻芯写卸邪褌懈,3.38
锌芯谐褉芯卸褍胁邪褌懈,3.38
锌芯写芯斜邪褌懈褋褟,3.38
锌芯褦写薪褍胁邪褌懈,3.38
锌褉芯卸懈胁邪褌懈,3.38
锌褉芯锌褍褋泻邪褌懈,3.38
褌褉邪薪褋谢褞胁邪褌懈,3.38
褍泻谢邪写邪褌懈,3.38
胁懈屑褨褉褟褌懈,3.37
蟹邪芯褏芯褔褍胁邪褌懈,3.37
谢懈褕邪褌懈褋褟,3.37
屑邪薪写褉褍胁邪褌懈,3.37
屑懈褉懈褌懈褋褟,3.37
屑褨薪褨屑褨蟹褍胁邪褌懈,3.37
薪邪写褏芯写懈褌懈,3.37
褉邪写褍胁邪褌懈,3.37
褋邪写卸邪褌懈,3.37
褋褍写懈褌懈褋褟,3.37
胁懈屑懈泻邪褌懈,3.36
写懈胁褍胁邪褌懈褋褟,3.36
卸邪谢褨褌懈,3.36
蟹邪谐褉芯卸褍胁邪褌懈,3.36
泻邪褌邪褌懈褋褟,3.36
薪邪胁芯写懈褌懈,3.36
褉芯蟹屑褨褖褍胁邪褌懈,3.36
胁懈锌谢邪褔褍胁邪褌懈,3.35
胁芯写懈褌懈,3.35
胁褨写褏芯写懈褌懈,3.35
谐芯谢芯写褍胁邪褌懈,3.35
蟹薪邪泄芯屑懈褌懈褋褟,3.35
谢褨锌懈褌懈,3.35
锌褉懈胁芯写懈褌懈,3.35
锌褉懈褩卸写卸邪褌懈,3.35
褉芯蟹写褨谢褟褌懈,3.35
褕褌褉邪褎褍胁邪褌懈,3.35
胁褨写褉褨蟹薪褟褌懈,3.34
薪械写芯芯褑褨薪褞胁邪褌懈,3.34
芯写褟谐邪褌懈,3.34
芯褉褨褦薪褌褍胁邪褌懈褋褟,3.34
锌芯锌褍谢褟褉懈蟹褍胁邪褌懈,3.34
锌褉芯胁芯写懈褌懈褋褟,3.34
锌褨写泻芯褉褟褌懈褋褟,3.34
褋褨褟褌懈,3.34
胁邪谢懈褌懈,3.33
胁懈薪懈泻邪褌懈,3.33
胁懈褩卸写卸邪褌懈,3.33
胁褨写蟹薪邪褔邪褌懈,3.33
芯写械褉卸褍胁邪褌懈,3.33
褉械谐褍谢褞胁邪褌懈,3.33
褉械褦褋褌褉褍胁邪褌懈,3.33
褌褉械薪褍胁邪褌懈褋褟,3.33
写械褋褌邪斜褨谢褨蟹褍胁邪褌懈,3.32
芯斜褉芯斜谢褟褌懈,3.32
芯锌械褉褍胁邪褌懈,3.32
褌褟谐邪褌懈,3.32
褑褨泻邪胁懈褌懈褋褟,3.32
褕邪薪褍胁邪褌懈,3.32
谐邪薪褟褌懈,3.31
泻芯芯褉写懈薪褍胁邪褌懈,3.31
谢褟谐邪褌懈,3.31
薪邪锌芯谢褟谐邪褌懈,3.31
芯薪芯胁谢褞胁邪褌懈,3.31
褉芯蟹谐邪薪褟褌懈,3.31
褋泻谢邪写邪褌懈褋褟,3.31
胁褨写屑芯胁谢褟褌懈,3.30
蟹邪斜懈褉邪褌懈褋褟,3.30
蟹邪锌懈褌褍胁邪褌懈,3.30
蟹胁邪卸邪褌懈,3.30
蟹褉褨蟹邪褌懈,3.30
谢芯锌邪褌懈,3.30
薪邪褋谢褨写褍胁邪褌懈,3.30
锌邪薪褍胁邪褌懈,3.30
锌芯褌褉邪锌谢褟褌懈,3.30
锌褨写薪褨屑邪褌懈褋褟,3.30
褉械泻芯屑械薪写褍胁邪褌懈,3.30
褍褏胁邪谢褞胁邪褌懈,3.30
胁褨写斜懈褉邪褌懈,3.29
写芯褋褌邪胁谢褟褌懈,3.29
蟹邪泻懈写邪褌懈,3.29
褉芯蟹斜懈褉邪褌懈,3.29
褉芯蟹锌芯胁褋褞写卸褍胁邪褌懈,3.29
褉芯蟹褉褨蟹薪褟褌懈,3.29
褨屑锌芯褉褌褍胁邪褌懈,3.29
谐邪褋懈褌懈,3.28
蟹邪谢懈胁邪褌懈,3.28
蟹斜懈胁邪褌懈,3.28
芯斜褉褨蟹邪褌懈,3.28
锌邪薪褨泻褍胁邪褌懈,3.28
锌褉芯褖邪褌懈褋褟,3.28
褎芯褌芯谐褉邪褎褍胁邪褌懈,3.28
褏胁芯褉褨褌懈,3.28
斜邪谢邪泻邪褌懈,3.27
械胁邪泻褍褞胁邪褌懈,3.27
锌芯褋懈谢邪褌懈褋褟,3.27
锌褉芯褋褍胁邪褌懈,3.27
锌褨蟹薪邪胁邪褌懈,3.27
褕褌褍褉屑褍胁邪褌懈,3.27
胁写邪胁邪褌懈褋褟,3.26
写芯屑邪谐邪褌懈褋褟,3.26
卸械褉褌胁褍胁邪褌懈,3.26
泻芯褏邪褌懈褋褟,3.26
薪芯褔褍胁邪褌懈,3.26
芯锌褉懈谢褞写薪褞胁邪褌懈,3.26
锌褏邪褌懈,3.26
褨薪褌械谐褉褍胁邪褌懈,3.26
写褉邪褌褍胁邪褌懈,3.25
蟹邪胁邪薪褌邪卸褍胁邪褌懈,3.25
锌械泻褌懈,3.25
锌械褉械写斜邪褔邪褌懈,3.25
锌褨写写邪胁邪褌懈褋褟,3.25
褋谢褍谐褍胁邪褌懈,3.25
斜芯褉芯薪懈褌懈,3.24
薪邪褉芯褖褍胁邪褌懈,3.24
锌芯泻谢邪写邪褌懈褋褟,3.24
锌芯褋屑褨褏邪褌懈褋褟,3.24
褎邪褉斜褍胁邪褌懈,3.24
斜褍褏邪褌懈,3.23
写邪胁懈褌懈,3.23
蟹屑褨褑薪褞胁邪褌懈,3.23
谢褟泻邪褌懈,3.23
褉芯蟹谐芯谢芯褕褍胁邪褌懈,3.23
褋锌芯卸懈胁邪褌懈,3.23
褍褋泻谢邪写薪褞胁邪褌懈,3.23
写械屑芯薪褌褍胁邪褌懈,3.22
械屑褨谐褉褍胁邪褌懈,3.22
蟹写芯斜褍胁邪褌懈,3.22
锌芯泻谢懈泻邪褌懈,3.22
锌褉懈写褍屑褍胁邪褌懈,3.22
锌褉懈写褨谢褟褌懈,3.22
褌褉邪薪褋锌芯褉褌褍胁邪褌懈,3.22
褍褌胁芯褉褞胁邪褌懈,3.22
褔褏邪褌懈,3.22
胁懈褉褨褕褍胁邪褌懈褋褟,3.21
写械泻谢邪褉褍胁邪褌懈,3.21
泻芯锌褨褞胁邪褌懈,3.21
屑褨褉泻褍胁邪褌懈,3.21
锌芯谢懈胁邪褌懈,3.21
锌芯褕懈褉褞胁邪褌懈褋褟,3.21
锌褉懈泻褉懈胁邪褌懈,3.21
锌褉芯薪懈泻邪褌懈,3.21
褉胁邪褌懈,3.21
褋褑褟褌懈,3.21
斜褍写懈褌懈,3.20
写褨蟹薪邪胁邪褌懈褋褟,3.20
芯斜褨褑褟褌懈,3.20
芯褎芯褉屑谢褟褌懈,3.20
锌芯褔懈薪邪褌懈褋褟,3.20
锌褉懈褋谢褍褏邪褌懈褋褟,3.20
褉褍褏邪褌懈,3.20
褕褌芯胁褏邪褌懈,3.20
邪泻褌懈胁褍胁邪褌懈,3.19
胁懈泻芯薪褍胁邪褌懈褋褟,3.19
胁懈褌褟谐褍胁邪褌懈,3.19
胁褨写斜懈胁邪褌懈,3.19
写懈褋泻褉械写懈褌褍胁邪褌懈,3.19
泻邪锌褨褌褍谢褞胁邪褌懈,3.19
屑懈谢褍胁邪褌懈褋褟,3.19
锌械褉械胁芯写懈褌懈,3.19
锌褉芯写芯胁卸褍胁邪褌懈褋褟,3.19
褋褌邪褉邪褌懈褋褟,3.19
褌褉邪泻褌褍胁邪褌懈,3.19
褎芯褉屑褍胁邪褌懈褋褟,3.19
胁械褉褋褌邪褌懈,3.18
胁懈蟹胁芯谢褟褌懈,3.18
胁懈褋胁褨褌谢褞胁邪褌懈,3.18
胁褨写褨谐褉邪胁邪褌懈,3.18
谐薪懈褌懈,3.18
蟹薪懈泻邪褌懈,3.18
薪邪胁'褟蟹邪褌懈,3.18
锌芯泻褉邪褖褍胁邪褌懈,3.18
褉芯蟹锌芯褉褟写卸邪褌懈褋褟,3.18
褌芯褉泻邪褌懈褋褟,3.18
褍斜懈胁邪褌懈,3.18
胁褨写屑褨薪褟褌懈,3.17
谐邪写邪褌懈,3.17
写械锌芯褉褌褍胁邪褌懈,3.17
芯谐芯谢芯褕褍胁邪褌懈,3.17
芯写褉褍卸褍胁邪褌懈褋褟,3.17
褨薪褎芯褉屑褍胁邪褌懈,3.17
斜谢褞胁邪褌懈,3.16
胁蟹邪褦屑芯写褨褟褌懈,3.16
胁懈斜邪褔邪褌懈褋褟,3.16
胁懈屑芯胁谢褟褌懈,3.16
写芯薪芯褋懈褌懈,3.16
锌械褉械褌懈薪邪褌懈,3.16
锌芯褋褌褍锌邪褌懈,3.16
褉械胁薪褍胁邪褌懈,3.16
褋褟谐邪褌懈,3.16
褕邪薪褌邪卸褍胁邪褌懈,3.16
褨屑褨褌褍胁邪褌懈,3.16
邪泻褌懈胁褨蟹褍胁邪褌懈,3.15
械泻褋锌械褉懈屑械薪褌褍胁邪褌懈,3.15
械泻褋锌谢褍邪褌褍胁邪褌懈,3.15
蟹胁芯谢褨泻邪褌懈,3.15
锌褉芯泻懈写邪褌懈褋褟,3.15
褏邪褉褔褍胁邪褌懈褋褟,3.15
胁斜芯谢褨胁邪褌懈,3.14
胁懈褌褉懈屑褍胁邪褌懈,3.14
胁褔懈薪褟褌懈,3.14
胁褨写胁芯谢褨泻邪褌懈,3.14
泻褍褋邪褌懈,3.14
屑褍褔懈褌懈,3.14
薪邪泻芯锌懈褔褍胁邪褌懈,3.14
薪懈褌懈,3.14
芯斜褏芯写懈褌懈,3.14
锌械褉械泻褉懈胁邪褌懈,3.14
锌械褉械褌胁芯褉褞胁邪褌懈褋褟,3.14
锌芯泻褉懈胁邪褌懈,3.14
锌褉械蟹械薪褌褍胁邪褌懈,3.14
锌褉芯胁芯泻褍胁邪褌懈,3.14
褍褌懈谢褨蟹褍胁邪褌懈,3.14
胁锌邪写邪褌懈,3.13
锌械褉械褩卸写卸邪褌懈,3.13
锌芯褏芯写懈褌懈,3.13
锌褉邪泻褌懈泻褍胁邪褌懈,3.13
褋褌芯褋褍胁邪褌懈褋褟,3.13
褋褌褍泻邪褌懈,3.13
褌褟谐褌懈,3.13
褍蟹褍褉锌褍胁邪褌懈,3.13
褏胁懈谢褞胁邪褌懈,3.13
胁写褟谐邪褌懈,3.12
胁懈褋谢褍褏邪褌懈,3.12
薪邪泄屑邪褌懈,3.12
芯锌褍褋泻邪褌懈,3.12
芯褔芯谢褞胁邪褌懈,3.12
褋锌芯褋褌械褉褨谐邪褌懈褋褟,3.12
斜邪褔懈褌懈褋褟,3.11
薪械泄褌褉邪谢褨蟹褍胁邪褌懈,3.11
褉邪写懈褌懈,3.11
褋褌褟谐褍胁邪褌懈,3.11
褌械谢械褎芯薪褍胁邪褌懈,3.11
褎褨泻褋褍胁邪褌懈,3.11
斜芯谢褨褌懈,3.10
胁械褉褌邪褌懈褋褟,3.10
胁懈褋褍胁邪褌懈,3.10
胁褨写褌胁芯褉褞胁邪褌懈,3.10
泻谢械褩褌懈,3.10
锌褉邪褌懈,3.10
锌褉懈薪懈卸褍胁邪褌懈,3.10
褉芯蟹屑薪芯卸褍胁邪褌懈褋褟,3.10
褋薪褨写邪褌懈,3.10
褌褉邪褌懈褌懈,3.10
胁械褔械褉褟褌懈,3.09
胁懈写芯斜褍胁邪褌懈,3.09
蟹邪写芯胁芯谢褜薪褟褌懈,3.09
蟹胁懈泻邪褌懈,3.09
蟹薪懈卸褍胁邪褌懈褋褟,3.09
蟹薪褨屑邪褌懈褋褟,3.09
芯斜褉邪卸邪褌懈褋褟,3.09
芯锌懈褉邪褌懈褋褟,3.09
锌械褉械褉邪褏芯胁褍胁邪褌懈,3.09
锌褉懈泻谢邪写邪褌懈,3.09
锌褨写泻褉械褋谢褞胁邪褌懈,3.09
褌懈泻邪褌懈,3.09
斜芯屑斜懈褌懈,3.08
胁胁芯蟹懈褌懈,3.08
胁褋褌邪胁谢褟褌懈,3.08
谐芯褉写懈褌懈褋褟,3.08
写芯谢褍褔邪褌懈褋褟,3.08
蟹邪胁械褉褕褍胁邪褌懈,3.08
蟹邪锌褉芯胁邪写卸褍胁邪褌懈,3.08
蟹斜械褉褨谐邪褌懈褋褟,3.08
蟹谢褨褌邪褌懈,3.08
蟹薪芯褋懈褌懈,3.08
芯斜屑褨薪褞胁邪褌懈褋褟,3.08
锌芯褋褌褍锌邪褌懈褋褟,3.08
锌褨写写邪胁邪褌懈,3.08
褍褏懈谢褟褌懈褋褟,3.08
胁懈褋褌邪褔邪褌懈,3.07
胁褨写泻谢褞褔邪褌懈,3.07
写芯斜褍胁邪褌懈,3.07
泻械褉褍胁邪褌懈褋褟,3.07
泻谢懈泻邪褌懈,3.07
泻芯屑邪薪写褍胁邪褌懈,3.07
薪邪写邪胁邪褌懈褋褟,3.07
锌械褉械屑褨褖邪褌懈褋褟,3.07
锌褉芯褋褍胁邪褌懈褋褟,3.07
褋锌懈褉邪褌懈褋褟,3.07
褨薪褌械褉锌褉械褌褍胁邪褌懈,3.07
胁懈泻谢褞褔邪褌懈,3.06
胁懈锌褨泻邪褌懈,3.06
胁褨写芯斜褉邪卸邪褌懈,3.06
写芯锌懈褌褍胁邪褌懈,3.06
卸邪谢泻褍胁邪褌懈,3.06
蟹邪胁'褟蟹褍胁邪褌懈,3.06
蟹斜褨谢褜褕褍胁邪褌懈褋褟,3.06
蟹胁褨褌褍胁邪褌懈,3.06
蟹屑械薪褕褍胁邪褌懈,3.06
芯斜'褦写薪褍胁邪褌懈褋褟,3.06
锌芯蟹懈褔邪褌懈,3.06
斜芯泄泻芯褌褍胁邪褌懈,3.05
胁懈褋邪写卸褍胁邪褌懈,3.05
写褍褉懈褌懈,3.05
泻谢邪褋懈褎褨泻褍胁邪褌懈,3.05
屑芯褌懈胁褍胁邪褌懈,3.05
薪邪褌懈褋泻邪褌懈,3.05
芯斜械褉褌邪褌懈褋褟,3.05
写芯泻谢邪写邪褌懈,3.04
蟹邪泻褍锌芯胁褍胁邪褌懈,3.04
蟹邪屑芯胁谢褟褌懈,3.04
屑芯谢芯褌懈,3.04
薪邪写懈褏邪褌懈,3.04
薪邪锌褉邪胁谢褟褌懈,3.04
芯锌懈褋褍胁邪褌懈,3.04
锌褉懈泻懈写邪褌懈褋褟,3.04
锌褉懈锌褍褋泻邪褌懈,3.04
锌褉芯械泻褌褍胁邪褌懈,3.04
锌褨写斜懈褉邪褌懈,3.04
褨蟹芯谢褞胁邪褌懈,3.04
胁械褋褌懈褋褟,3.03
胁懈谐褉邪胁邪褌懈,3.03
胁褨写胁芯写懈褌懈,3.03
胁褨写卸懈屑邪褌懈,3.03
蟹胁褍褔邪褌懈,3.03
泻芯薪褎褨褋泻褍胁邪褌懈,3.03
泻褍褉褋褍胁邪褌懈,3.03
锌褉芯胁邪写懈褌懈,3.03
锌褨写芯蟹褉褞胁邪褌懈,3.03
褉邪褏褍胁邪褌懈褋褟,3.03
褕懈褌懈,3.03
胁写褟谐邪褌懈褋褟,3.02
胁懈谢邪蟹懈褌懈,3.02
蟹邪褋褍写卸褍胁邪褌懈,3.02
蟹薪械胁邪卸邪褌懈,3.02
屑械褕泻邪褌懈,3.02
屑芯斜褨谢褨蟹褍胁邪褌懈,3.02
锌芯胁蟹邪褌懈,3.02
胁懈褉褍褕邪褌懈,3.01
胁懈褌褟谐邪褌懈,3.01
胁褨写薪芯褋懈褌懈褋褟,3.01
写芯褉褨胁薪褞胁邪褌懈,3.01
蟹邪褋屑褍褔褍胁邪褌懈,3.01
锌褉懈胁械褉褌邪褌懈,3.01
褉褍斜邪褌懈,3.01
邪褋芯褑褨褞胁邪褌懈褋褟,3.00
胁懈褕懈胁邪褌懈,3.00
蟹薪邪褔懈褌懈,3.00
褉芯蟹胁邪卸邪褌懈,3.00
褋芯褉芯屑懈褌懈褋褟,3.00
褋锌褨胁褔褍胁邪褌懈,3.00
褕锌懈谐褍胁邪褌懈,3.00
胁'褟蟹邪褌懈,2.99
胁懈褉邪卸邪褌懈,2.99
写懈泻褌褍胁邪褌懈,2.99
蟹邪胁'褟蟹邪褌懈,2.99
蟹邪屑褨薪褟褌懈,2.99
屑邪褏邪褌懈,2.99
芯斜械褉褨谐邪褌懈,2.99
锌褉懈泻褉邪褕邪褌懈,2.99
褋锌褉懈泄屑邪褌懈褋褟,2.99
褍褌褉懈屑褍胁邪褌懈褋褟,2.99
褎芯褉屑褍谢褞胁邪褌懈,2.99
胁写芯褋泻芯薪邪谢褞胁邪褌懈,2.98
胁懈谐邪薪褟褌懈,2.98
胁褨写褋褌械卸褍胁邪褌懈,2.98
写芯斜懈胁邪褌懈褋褟,2.98
蟹斜邪谐邪褔褍胁邪褌懈,2.98
蟹薪邪泄芯屑懈褌懈,2.98
泻芯胁褌邪褌懈,2.98
芯斜褋褌褉褨谢褞胁邪褌懈,2.98
锌芯谐芯写卸褍胁邪褌懈褋褟,2.98
锌褉懈屑褨褉褟褌懈,2.98
褉芯蟹褋谢邪斜谢褟褌懈褋褟,2.98
邪锌谢芯写褍胁邪褌懈,2.97
胁懈屑褨褉褞胁邪褌懈,2.97
谢邪褟褌懈,2.97
薪褍写褜谐褍胁邪褌懈,2.97
锌芯褋褌邪胁谢褟褌懈,2.97
锌褉芯锌芯胁褨写褍胁邪褌懈,2.97
褋褌褨泻邪褌懈,2.97
褋褍褕懈褌懈,2.97
斜邪薪懈褌懈,2.96
胁懈写褨谢褟褌懈褋褟,2.96
胁懈谢褍褔邪褌懈,2.96
胁懈锌懈褋褍胁邪褌懈,2.96
胁褨写薪芯褋懈褌懈,2.96
胁褨写锌褉邪褑褜芯胁褍胁邪褌懈,2.96
蟹邪胁芯泄芯胁褍胁邪褌懈,2.96
锌械褉械泻邪蟹褍胁邪褌懈,2.96
锌械褉械锌懈褋褍胁邪褌懈,2.96
褋褌褉懈谐褌懈,2.96
褑褨泻邪胁懈褌懈,2.96
谐褉懈蟹褌懈,2.95
写芯斜懈褉邪褌懈褋褟,2.95
写芯屑褨薪褍胁邪褌懈,2.95
写褨褋褌邪胁邪褌懈,2.95
薪邪锌芯胁薪褞胁邪褌懈,2.95
薪懈褖懈褌懈,2.95
锌邪褌褟泻邪褌懈,2.95
锌械褉械写邪胁邪褌懈褋褟,2.95
锌褉懈蟹胁芯写懈褌懈,2.95
褉邪褌懈褎褨泻褍胁邪褌懈,2.95
褋芯褉褌褍胁邪褌懈,2.95
褍褌胁芯褉褞胁邪褌懈褋褟,2.95
胁械褉薪褍褌懈,2.94
胁褉邪卸邪褌懈,2.94
胁褨写泻懈写邪褌懈,2.94
屑懈褌懈褋褟,2.94
芯锌褨泻褍胁邪褌懈褋褟,2.94
锌褉芯谐褉邪胁邪褌懈,2.94
褉芯蟹锌芯写褨谢褟褌懈,2.94
褋懈薪褌械蟹褍胁邪褌懈,2.94
褋锌懈褋褍胁邪褌懈,2.94
褋锌芯胁褨写褍胁邪褌懈,2.94
褋锌芯薪褍泻邪褌懈,2.94
胁懈泻褉懈胁邪褌懈,2.93
胁懈褋褨褌懈,2.93
谐褉褨褌懈,2.93
蟹屑褨褕褍胁邪褌懈,2.93
锌褉芯褖邪褌懈,2.93
褋锌芯谐谢褟写邪褌懈,2.93
褍蟹邪谐邪谢褜薪褞胁邪褌懈,2.93
褔褨锌谢褟褌懈褋褟,2.93
斜谢邪谐邪褌懈,2.92
蟹邪锌芯斜褨谐邪褌懈,2.92
蟹薪褍褖邪褌懈褋褟,2.92
谢邪褟褌懈褋褟,2.92
谢懈褌懈,2.92
薪邪泻谢邪写邪褌懈,2.92
锌芯屑邪谐邪褌懈,2.92
褋锌褉邪胁谢褟褌懈褋褟,2.92
褋锌褍褋泻邪褌懈褋褟,2.92
胁懈褋谢芯胁谢褞胁邪褌懈褋褟,2.91
胁懈褌懈褉邪褌懈,2.91
胁褋褌邪薪芯胁谢褞胁邪褌懈褋褟,2.91
胁褨写薪芯胁谢褞胁邪褌懈褋褟,2.91
蟹'褟褋芯胁褍胁邪褌懈,2.91
蟹邪锌褉邪胁谢褟褌懈,2.91
泻芯褋懈褌懈,2.91
褉芯蟹锌褍褋泻邪褌懈,2.91
褌芯锌褌邪褌懈,2.91
蟹屑懈胁邪褌懈,2.90
泻邪褔邪褌懈,2.90
谢褨泻胁褨写芯胁褍胁邪褌懈,2.90
屑褨褉褟褌懈褋褟,2.90
薪邪写褟谐邪褌懈,2.90
锌邪泻褍胁邪褌懈,2.90
褉芯蟹褕懈褉褞胁邪褌懈褋褟,2.90
褍褋褍胁邪褌懈,2.90
蟹胁'褟蟹褍胁邪褌懈褋褟,2.89
屑褍褌懈褌懈,2.89
薪邪斜谢懈卸邪褌懈褋褟,2.89
薪邪谐褉褨胁邪褌懈,2.89
薪邪褑褨芯薪邪谢褨蟹褍胁邪褌懈,2.89
锌褨写褨泄屑邪褌懈,2.89
褉械泻谢邪屑褍胁邪褌懈,2.89
褌芯褉谐褍胁邪褌懈褋褟,2.89
胁邪泻褑懈薪褍胁邪褌懈褋褟,2.88
胁锌褍褋泻邪褌懈,2.88
胁褨写斜褍胁邪褌懈,2.88
胁褨写褋褌邪胁邪褌懈,2.88
谐邪褟褌懈,2.88
谐懈薪褍褌懈,2.88
蟹邪褋锌芯泻芯褞胁邪褌懈,2.88
锌芯锌械褉械写卸邪褌懈,2.88
褉械邪薪褨屑褍胁邪褌懈,2.88
褉芯蟹锌褨蟹薪邪胁邪褌懈,2.88
褋褌邪褉褌褍胁邪褌懈,2.88
褋褌胁芯褉褞胁邪褌懈褋褟,2.88
褌褉邪褏邪褌懈,2.88
斜懈泻褍胁邪褌懈,2.87
胁懈写邪胁邪褌懈褋褟,2.87
薪邪胁'褟蟹褍胁邪褌懈,2.87
锌谢懈褋褌懈,2.87
褕泻芯写懈褌懈,2.87
胁懈斜懈胁邪褌懈,2.86
蟹邪谢褍褔邪褌懈褋褟,2.86
泻邪褌褍胁邪褌懈,2.86
泻谢邪褑邪褌懈,2.86
锌褉芯泻谢邪写邪褌懈,2.86
褉械邪谢褨蟹芯胁褍胁邪褌懈,2.86
褉懈褌懈,2.86
褉芯蟹褉褨蟹邪褌懈,2.86
胁懈锌褉芯斜芯胁褍胁邪褌懈,2.85
卸邪谢褨褌懈褋褟,2.85
蟹邪褏芯锌谢褞胁邪褌懈褋褟,2.85
泻邪薪邪褌懈,2.85
屑褨褉褟褌懈,2.85
芯褌芯褌芯卸薪褞胁邪褌懈,2.85
锌械褉械斜褨谢褜褕褍胁邪褌懈,2.85
锌褉懈褋褌芯褋芯胁褍胁邪褌懈褋褟,2.85
褉懈写邪褌懈,2.85
褋褌邪斜褨谢褨蟹褍胁邪褌懈,2.85
胁褋褌懈谐邪褌懈,2.84
蟹邪蟹写褉懈褌懈,2.84
蟹邪屑芯褉芯卸褍胁邪褌懈,2.84
泻胁邪谢褨褎褨泻褍胁邪褌懈,2.84
屑邪薪械胁褉褍胁邪褌懈,2.84
薪邪谐谢褟写邪褌懈,2.84
芯斜屑邪薪褞胁邪褌懈,2.84
锌芯斜芯褞胁邪褌懈褋褟,2.84
锌芯胁褔邪褌懈,2.84
锌褉械写'褟胁谢褟褌懈,2.84
锌褉懈褦写薪褍胁邪褌懈褋褟,2.84
褉芯蟹褌邪褕芯胁褍胁邪褌懈褋褟,2.84
褌械泻褌懈,2.84
斜褉邪褌懈褋褟,2.83
胁懈锌褉邪胁写芯胁褍胁邪褌懈,2.83
写芯锌谢邪褔褍胁邪褌懈,2.83
泻芯褉懈褌懈褋褟,2.83
薪械褉胁褍胁邪褌懈,2.83
锌械褉械褉芯斜谢褟褌懈,2.83
褌芯薪褍褌懈,2.83
褑懈褌褍胁邪褌懈,2.83
胁写懈褏邪褌懈,2.82
蟹芯斜褉邪卸邪褌懈,2.82
屑褋褌懈褌懈,2.82
锌芯蟹薪邪褔邪褌懈,2.82
锌褉邪泻褌懈泻褍胁邪褌懈褋褟,2.82
锌褉懈褌褟谐褍胁邪褌懈,2.82
锌褉芯褟胁谢褟褌懈褋褟,2.82
褉芯蟹斜懈胁邪褌懈,2.82
褉芯蟹锌谢邪褔褍胁邪褌懈褋褟,2.82
褉芯蟹褑褨薪褞胁邪褌懈,2.82
褌芯锌懈褌懈,2.82
褕泻芯写褍胁邪褌懈,2.82
斜褍胁邪褌懈,2.81
胁褨写褋懈谢邪褌懈,2.81
蟹邪邪褉械褕褌芯胁褍胁邪褌懈,2.81
蟹邪褋褨写邪褌懈,2.81
泻芯薪褌邪泻褌褍胁邪褌懈,2.81
薪邪泻邪蟹褍胁邪褌懈,2.81
薪械褏褌褍胁邪褌懈,2.81
锌械褉械褉懈胁邪褌懈,2.81
锌芯胁'褟蟹褍胁邪褌懈,2.81
锌芯写邪胁邪褌懈褋褟,2.81
锌褉懈斜褍胁邪褌懈,2.81
褌褉邪胁屑褍胁邪褌懈,2.81
械胁邪泻褍褞胁邪褌懈褋褟,2.80
屑械褉蟹薪褍褌懈,2.80
锌芯泻谢芯薪褟褌懈褋褟,2.80
褉械泻芯薪褋褌褉褍褞胁邪褌懈,2.80
褋锌褉褟屑芯胁褍胁邪褌懈,2.80
褍褔懈褌懈褋褟,2.80
胁懈褋械谢褟褌懈,2.79
卸褍胁邪褌懈,2.79
蟹邪谢褟泻褍胁邪褌懈,2.79
蟹邪锌懈褋褍胁邪褌懈褋褟,2.79
泻芯褉屑懈褌懈,2.79
芯斜芯褉芯薪褟褌懈,2.79
芯锌褍褋泻邪褌懈褋褟,2.79
锌褉芯写邪胁邪褌懈褋褟,2.79
褉芯蟹褉懈胁邪褌懈,2.79
褉芯蟹褋懈谢邪褌懈,2.79
褋胁褟褌懈褌懈,2.79
褋锌褨褕懈褌懈,2.79
褌褉褍褋懈褌懈,2.79
斜褍写褍胁邪褌懈褋褟,2.78
蟹邪屑褨薪褞胁邪褌懈,2.78
蟹芯斜褉邪卸褍胁邪褌懈,2.78
泻懈写邪褌懈褋褟,2.78
泻褉褍卸谢褟褌懈,2.78
谢邪蟹懈褌懈,2.78
褉芯蟹谢褍褔邪褌懈褋褟,2.78
褉褍褕懈褌懈,2.78
褋锌褍褋泻邪褌懈,2.78
蟹邪褌胁械褉写卸褍胁邪褌懈,2.77
泻邪褟褌懈褋褟,2.77
锌械褉械屑褨褖褍胁邪褌懈褋褟,2.77
锌芯谐谢懈薪邪褌懈,2.77
锌褨写薪芯褋懈褌懈,2.77
锌褨写褕褌芯胁褏褍胁邪褌懈,2.77
褋谢褍褏邪褌懈褋褟,2.77
胁械褋械谢懈褌懈褋褟,2.76
胁械褌褍胁邪褌懈,2.76
胁芯褉褍褕懈褌懈褋褟,2.76
胁褕邪薪芯胁褍胁邪褌懈,2.76
胁褨写锌褉邪胁谢褟褌懈褋褟,2.76
写芯褏芯写懈褌懈,2.76
蟹胁邪谢褞胁邪褌懈,2.76
芯斜谐芯胁芯褉褞胁邪褌懈褋褟,2.76
锌邪屑褟褌邪褌懈,2.76
褉芯蟹谐芯褉褌邪褌懈,2.76
褌褨褕懈褌懈,2.76
胁邪卸懈褌懈,2.75
胁褨写褋谢褨写泻芯胁褍胁邪褌懈,2.75
谐谢邪写懈褌懈,2.75
蟹谢懈褌懈褋褟,2.75
泻芯谢懈胁邪褌懈褋褟,2.75
泻褍谢褜褌懈胁褍胁邪褌懈,2.75
屑褋褌懈褌懈褋褟,2.75
屑褨薪褟褌懈褋褟,2.75
锌懈谢褜薪褍胁邪褌懈,2.75
锌褉芯斜邪褔邪褌懈,2.75
锌褨写褉芯斜谢褟褌懈,2.75
褋邪斜芯褌褍胁邪褌懈,2.75
褕褍屑褨褌懈,2.75
胁褨写斜褍写芯胁褍胁邪褌懈,2.74
蟹邪褋懈薪邪褌懈,2.74
蟹邪褋懈锌邪褌懈,2.74
蟹邪褟胁谢褟褌懈,2.74
屑褨褕邪褌懈,2.74
芯写褟谐邪褌懈褋褟,2.74
锌械褉械泄屑邪褌懈,2.74
锌芯胁蟹褌懈,2.74
锌褉芯谐褉邪屑褍胁邪褌懈,2.74
褉芯蟹胁邪卸邪褌懈褋褟,2.74
褋泻芯褉芯褔褍胁邪褌懈褋褟,2.74
褨薪褌械谐褉褍胁邪褌懈褋褟,2.74
胁懈褋屑褨褞胁邪褌懈,2.73
蟹邪褉褟写卸邪褌懈,2.73
芯斜褏芯写懈褌懈褋褟,2.73
芯蟹胁褍褔褍胁邪褌懈,2.73
芯褋胁芯褞胁邪褌懈,2.73
褉懈斜邪谢懈褌懈,2.73
褋锌褉芯褋褌芯胁褍胁邪褌懈,2.73
邪写邪锌褌褍胁邪褌懈褋褟,2.72
邪薪褍谢褞胁邪褌懈,2.72
斜谢褍泻邪褌懈,2.72
蟹邪泻褉懈胁邪褌懈褋褟,2.72
薪邪薪芯褋懈褌懈,2.72
锌邪褉懈褌懈褋褟,2.72
锌懈谢褟褌懈,2.72
锌芯锌邪写邪褌懈,2.72
锌褉懈胁邪斜谢褞胁邪褌懈,2.72
锌褍斜谢褨泻褍胁邪褌懈褋褟,2.72
锌褨写谐谢褟写邪褌懈,2.72
褉芯蟹胁'褟蟹褍胁邪褌懈,2.72
褔褨锌谢褟褌懈,2.72
谐谢褍褕懈褌懈,2.71
蟹邪胁芯蟹懈褌懈,2.71
蟹邪泻芯锌褍胁邪褌懈,2.71
蟹邪锌邪谢褞胁邪褌懈,2.71
蟹谐邪薪褟褌懈,2.71
蟹屑械薪褕褍胁邪褌懈褋褟,2.71
锌芯褋锌褨胁邪褌懈,2.71
褉芯蟹谐褉褨斜邪褌懈,2.71
褉芯蟹锌懈褌褍胁邪褌懈,2.71
褋屑懈泻邪褌懈,2.71
褍屑芯胁谢褟褌懈,2.71
胁邪褉褨褞胁邪褌懈褋褟,2.70
写褉芯褔懈褌懈,2.70
蟹邪褋屑褍褔褍胁邪褌懈褋褟,2.70
锌械褉械褉褨蟹邪褌懈,2.70
锌褉懈谐薪褨褔褍胁邪褌懈,2.70
锌褉芯褌褨泻邪褌懈,2.70
锌褨写褋褌邪胁谢褟褌懈,2.70
褎褨谢褜褌褉褍胁邪褌懈,2.70
胁懈蟹薪邪褔邪褌懈褋褟,2.69
胁薪芯褋懈褌懈褋褟,2.69
蟹斜褨谐邪褌懈褋褟,2.69
蟹薪懈卸褍胁邪褌懈,2.69
芯斜'褦写薪褍胁邪褌懈,2.69
芯斜屑械卸褍胁邪褌懈褋褟,2.69
芯斜褨写邪褌懈,2.69
芯褏芯锌谢褞胁邪褌懈,2.69
锌邪褌褉褍谢褞胁邪褌懈,2.69
锌械褉械褔懈褌褍胁邪褌懈,2.69
褉芯蟹褋褌褉褨谢褞胁邪褌懈,2.69
褋胁褨褌懈褌懈褋褟,2.69
褔械褉胁芯薪褨褌懈,2.69
胁懈斜褍写芯胁褍胁邪褌懈,2.68
胁懈褋谢褍褏芯胁褍胁邪褌懈,2.68
胁褨写泻褉懈胁邪褌懈褋褟,2.68
谐芯褋锌芯写邪褉褞胁邪褌懈,2.68
写械褉卸邪褌懈,2.68
薪邪泻褉褍褔褍胁邪褌懈,2.68
芯谐谢褟写邪褌懈,2.68
锌褉懈胁邪褌懈蟹褍胁邪褌懈,2.68
锌褨褉薪邪褌懈,2.68
褉芯蟹褕褍泻褍胁邪褌懈,2.68
褉芯褋褌懈褌懈,2.68
褉褟褌褍胁邪褌懈褋褟,2.68
褋锌褨胁褨褋薪褍胁邪褌懈,2.68
褋褍锌褉芯胁芯写卸褍胁邪褌懈褋褟,2.68
胁卸懈胁邪褌懈褋褟,2.67
胁懈泄屑邪褌懈,2.67
蟹'褦写薪褍胁邪褌懈,2.67
蟹邪蟹薪邪胁邪褌懈,2.67
薪邪写褨褟褌懈褋褟,2.67
锌邪锌谢褞卸懈褌懈,2.67
锌褉懈写褍褕褍胁邪褌懈,2.67
锌褉懈锌邪写邪褌懈,2.67
锌褉芯写褍泻褍胁邪褌懈,2.67
褍褌芯褔薪褞胁邪褌懈,2.67
褏胁邪谢懈褌懈,2.67
谐谢褍蟹褍胁邪褌懈,2.66
芯褉邪褌懈,2.66
锌芯写懈褏邪褌懈,2.66
锌芯泻谢邪写邪褌懈,2.66
锌褉芯褉懈胁邪褌懈褋褟,2.66
锌褉芯褋谢褍褏芯胁褍胁邪褌懈,2.66
褉褨蟹薪懈褌懈褋褟,2.66
褋屑邪卸懈褌懈,2.66
褋锌芯泻褍褌褍胁邪褌懈,2.66
褋锌褉懈褔懈薪褟褌懈,2.66
褌褉褍褩褌懈,2.66
邪谐褨褌褍胁邪褌懈,2.65
邪写邪锌褌褍胁邪褌懈,2.65
写芯褋谢褍褏邪褌懈褋褟,2.65
屑'褟褌懈,2.65
芯褋褌械褉褨谐邪褌懈褋褟,2.65
锌械褉械褋械谢褟褌懈褋褟,2.65
锌芯蟹斜邪胁谢褟褌懈褋褟,2.65
锌褉芯褑胁褨褌邪褌懈,2.65
褉褍泄薪褍胁邪褌懈褋褟,2.65
褋谢邪褌懈,2.65
褍褔懈褌懈,2.65
谐邪薪褜斜懈褌懈,2.64
写褍斜谢褞胁邪褌懈,2.64
卸懈胁懈褌懈,2.64
蟹邪谐谢褟写邪褌懈,2.64
薪邪斜懈褉邪褌懈褋褟,2.64
芯斜芯褉芯薪褟褌懈褋褟,2.64
锌械褉械胁邪卸邪褌懈,2.64
锌褉懈锌懈褋褍胁邪褌懈,2.64
锌褉懈褌褟谐邪褌懈,2.64
锌褨褋褟褌懈,2.64
褉芯蟹屑褨褖褍胁邪褌懈褋褟,2.64
褉芯蟹褋褌邪胁谢褟褌懈,2.64
褉芯蟹褏芯写懈褌懈褋褟,2.64
褋谢邪胁懈褌懈,2.64
褦写薪邪褌懈褋褟,2.64
斜褉芯写懈褌懈,2.63
胁'褩卸写卸邪褌懈,2.63
胁懈斜懈褉邪褌懈褋褟,2.63
胁懈蟹薪邪胁邪褌懈褋褟,2.63
胁褨写褕褌芯胁褏褍胁邪褌懈褋褟,2.63
写褉褍泻褍胁邪褌懈褋褟,2.63
泻芯胁蟹邪褌懈,2.63
锌械褉械泻懈写邪褌懈,2.63
锌褨写胁芯写懈褌懈,2.63
胁懈褉懈胁邪褌懈,2.62
谐芯谢懈褌懈,2.62
写芯斜懈褉邪褌懈,2.62
写芯锌芯胁褨写邪褌懈,2.62
械泻褋褌褉邪写褍胁邪褌懈,2.62
蟹邪胁邪褉褞胁邪褌懈,2.62
蟹邪褩卸写卸邪褌懈,2.62
泻邪褌邪褌懈,2.62
泻褉褍褌懈褌懈褋褟,2.62
薪邪泻褉懈胁邪褌懈,2.62
锌褉芯斜懈胁邪褌懈,2.62
锌褨写褨泄屑邪褌懈褋褟,2.62
褉芯蟹'褟褋薪褞胁邪褌懈,2.62
褉芯蟹锌芯褔懈薪邪褌懈,2.62
褌褉邪薪褋谢褞胁邪褌懈褋褟,2.62
斜邪胁懈褌懈褋褟,2.61
胁褨写斜懈胁邪褌懈褋褟,2.61
胁褨写写邪谢褟褌懈褋褟,2.61
谐邪褋褌褉芯谢褞胁邪褌懈,2.61
谢邪泄泻邪褌懈,2.61
屑芯写械谢褞胁邪褌懈,2.61
屑芯薪褨褌芯褉懈褌懈,2.61
屑芯褔懈褌懈,2.61
褋胁褨褌懈褌懈,2.61
褋褍锌械褉械褔懈褌懈,2.61
褍褉褨蟹邪褌懈,2.61
褍褋屑褨褏邪褌懈褋褟,2.61
斜褉芯薪褞胁邪褌懈,2.60
胁懈泻邪蟹褍胁邪褌懈,2.60
泻芯谢芯褌懈,2.60
谢懈褕邪褌懈,2.60
薪邪锌褉褟谐邪褌懈,2.60
芯斜械褉褌邪褌懈,2.60
锌褉懈谐谢褟写邪褌懈,2.60
锌褨写泻谢褞褔邪褌懈,2.60
褋泻褍锌芯胁褍胁邪褌懈,2.60
邪褋芯褑褨褞胁邪褌懈,2.59
斜邪谢褍胁邪褌懈,2.59
胁褨写胁芯谢褨泻邪褌懈褋褟,2.59
泻芯薪泻褉械褌懈蟹褍胁邪褌懈,2.59
芯斜褔懈褋谢褞胁邪褌懈,2.59
锌褨写褉懈胁邪褌懈,2.59
褉械锌芯褋褌懈褌懈,2.59
褉芯蟹泻谢邪写邪褌懈,2.59
褋锌芯褉褍写卸褍胁邪褌懈,2.59
胁懈薪懈褖褍胁邪褌懈,2.58
胁懈锌邪写邪褌懈,2.58
胁褨写褔懈薪褟褌懈,2.58
蟹邪锌邪屑'褟褌芯胁褍胁邪褌懈,2.58
蟹写芯谐邪写褍胁邪褌懈褋褟,2.58
蟹芯褋械褉械写卸褍胁邪褌懈褋褟,2.58
蟹褉邪写卸褍胁邪褌懈,2.58
屑邪褑邪褌懈,2.58
薪邪谐芯褉芯写卸褍胁邪褌懈,2.58
锌械褉械斜懈胁邪褌懈,2.58
锌械褉械屑懈泻邪褌懈,2.58
锌械褉械锌谢邪褔褍胁邪褌懈,2.58
锌械褉械锌芯褖褍胁邪褌懈,2.58
褉芯蟹泻懈写邪褌懈,2.58
褌褉邪薪褋褎芯褉屑褍胁邪褌懈,2.58
褍褌褨泻邪褌懈,2.58
褏褉械褋褌懈褌懈,2.58
褟胁谢褟褌懈,2.58
褨屑锌褉芯胁褨蟹褍胁邪褌懈,2.58
胁懈褉芯褋褌邪褌懈,2.57
蟹邪褌褉懈屑褍胁邪褌懈褋褟,2.57
蟹谢懈胁邪褌懈,2.57
屑芯写懈褎褨泻褍胁邪褌懈,2.57
锌谢械褋褌懈,2.57
锌褉懈泄屑邪褌懈褋褟,2.57
褋锌褉褟屑芯胁褍胁邪褌懈褋褟,2.57
褏械泄褌懈褌懈,2.57
写褉邪卸薪懈褌懈,2.56
蟹懈屑褍胁邪褌懈,2.56
谢邪谐芯写懈褌懈,2.56
谢芯泻邪谢褨蟹褍胁邪褌懈,2.56
薪邪褉褨蟹邪褌懈,2.56
褏胁邪谢懈褌懈褋褟,2.56
褑褨谢褍胁邪褌懈褋褟,2.56
斜邪蟹褍胁邪褌懈褋褟,2.55
胁懈褌褨褋薪褟褌懈,2.55
写褨胁邪褌懈,2.55
蟹邪写芯胁芯谢褜薪褟褌懈褋褟,2.55
蟹邪泻谢邪写邪褌懈,2.55
蟹邪屑懈褋谢褞胁邪褌懈褋褟,2.55
蟹胁邪褌懈褋褟,2.55
锌褉懈褋泻芯褉褞胁邪褌懈,2.55
锌褉芯锌邪谐褍胁邪褌懈,2.55
褌械褉褌懈,2.55
褏邪褉邪泻褌械褉懈蟹褍胁邪褌懈,2.55
胁褨写屑褨褔邪褌懈,2.54
蟹邪谐褉邪胁邪褌懈,2.54
谢芯斜褨褞胁邪褌懈,2.54
薪邪泻谢懈泻邪褌懈,2.54
芯斜褌褟卸褍胁邪褌懈,2.54
锌芯褋懈谢褞胁邪褌懈,2.54
锌褨写褉褨蟹邪褌懈,2.54
胁懈褉芯斜谢褟褌懈褋褟,2.53
写械蟹械褉褌懈褉褍胁邪褌懈,2.53
蟹邪薪褍褉褞胁邪褌懈褋褟,2.53
屑邪褋邪卸褍胁邪褌懈,2.53
屑芯褉芯褔懈褌懈,2.53
薪褞褏邪褌懈,2.53
锌械褉械屑褨褖邪褌懈,2.53
锌谢械泻邪褌懈,2.53
褋泻械褉芯胁褍胁邪褌懈,2.53
褋锌褉邪胁谢褟褌懈,2.53
褋褌懈褋泻邪褌懈,2.53
褋褟褟褌懈,2.53
胁懈锌褍褋泻邪褌懈褋褟,2.52
蟹谐芯褉褌邪褌懈,2.52
蟹谢芯胁卸懈胁邪褌懈,2.52
屑褨褋褌懈褌懈褋褟,2.52
锌谢懈胁褌懈,2.52
褋褍屑褨褖邪褌懈,2.52
褍屑褨褌懈,2.52
胁懈褋褍胁邪褌懈褋褟,2.51
卸写邪褌懈,2.51
蟹邪芯褖邪写卸褍胁邪褌懈,2.51
薪邪谢邪褕褌芯胁褍胁邪褌懈,2.51
芯泻褍锌褍胁邪褌懈,2.51
锌械褉械褏芯胁褍胁邪褌懈褋褟,2.51
褔械褉谐褍胁邪褌懈,2.51
胁懈褋懈谢邪褌懈,2.50
胁褨写褏懈谢褟褌懈,2.50
写芯褉褨泻邪褌懈,2.50
蟹胁褨褌褍胁邪褌懈褋褟,2.50
芯褋泻邪褉卸褍胁邪褌懈,2.50
锌芯谐褨褉褕褍胁邪褌懈褋褟,2.50
锌褉芯褩卸写卸邪褌懈,2.50
褉芯蟹褌褟谐褍胁邪褌懈褋褟,2.50
褋胁械褉写谢懈褌懈,2.50
褋锌芯泻褍褕邪褌懈,2.50
褏邪锌邪褌懈,2.50
胁屑芯胁谢褟褌懈,2.49
写芯锌芯胁薪褞胁邪褌懈,2.49
卸懈胁懈褌懈褋褟,2.49
蟹邪屑芯胁褔褍胁邪褌懈,2.49
泻芯薪褌褉芯谢褞胁邪褌懈褋褟,2.49
芯屑懈薪邪褌懈,2.49
锌械褉械斜懈褉邪褌懈,2.49
锌芯蟹薪邪褔邪褌懈褋褟,2.49
锌芯蟹褍胁邪褌懈,2.49
锌芯褦写薪褍胁邪褌懈褋褟,2.49
锌褉懈褌褉懈屑褍胁邪褌懈褋褟,2.49
褋锌芯胁褨褖邪褌懈,2.49
褌邪薪褍褌懈,2.49
褌谢褍屑邪褔懈褌懈,2.49
褕芯泻褍胁邪褌懈,2.49
邪写褉械褋褍胁邪褌懈,2.48
胁褨写褔褍胁邪褌懈褋褟,2.48
谐邪谢褜屑褍胁邪褌懈,2.48
谐褉褨褕懈褌懈,2.48
蟹邪褌褟谐褍胁邪褌懈,2.48
蟹胁'褟蟹褍胁邪褌懈,2.48
泻芯薪褑械薪褌褉褍胁邪褌懈褋褟,2.48
屑邪蟹邪褌懈,2.48
薪邪褌褟泻邪褌懈,2.48
锌械褉械屑褨褕褍胁邪褌懈,2.48
锌械褉械褋懈谢邪褌懈,2.48
锌懈褋邪褌懈褋褟,2.48
褉芯蟹斜邪胁谢褟褌懈,2.48
褋褌褉邪泄泻褍胁邪褌懈,2.48
褋褏懈谢褟褌懈褋褟,2.48
胁懈褔邪胁谢褞胁邪褌懈,2.47
胁懈褟胁谢褟褌懈褋褟,2.47
谐芯泄写邪褌懈褋褟,2.47
泻褍胁邪褌懈,2.47
薪邪泻芯锌懈褔褍胁邪褌懈褋褟,2.47
薪邪褉邪卸邪褌懈,2.47
芯斜薪褨屑邪褌懈,2.47
锌芯屑懈薪邪褌懈,2.47
锌褉芯斜懈胁邪褌懈褋褟,2.47
褉芯蟹写褍屑褍胁邪褌懈,2.47
褉芯蟹褨谐褉褍胁邪褌懈,2.47
胁懈谐芯褌芯胁谢褟褌懈褋褟,2.46
胁懈泻褉邪写邪褌懈,2.46
胁懈锌褉邪胁写芯胁褍胁邪褌懈褋褟,2.46
械泻褋锌谢褍邪褌褍胁邪褌懈褋褟,2.46
泻芯褉懈褋褌邪褌懈褋褟,2.46
薪邪谢邪谐芯写卸褍胁邪褌懈,2.46
芯锌邪薪芯胁褍胁邪褌懈,2.46
锌械褉械褋褍胁邪褌懈,2.46
锌褉芯谐薪芯蟹褍胁邪褌懈,2.46
褌褉械屑褌褨褌懈,2.46
胁懈谐芯谢芯褕褍胁邪褌懈,2.45
胁懈褌懈,2.45
械胁芯谢褞褑褨芯薪褍胁邪褌懈,2.45
蟹邪褋薪芯胁褍胁邪褌懈,2.45
薪邪褉褨泻邪褌懈,2.45
芯斜褉芯斜谢褟褌懈褋褟,2.45
锌邪褏薪褍褌懈,2.45
锌械褉械斜褨谐邪褌懈,2.45
锌芯蟹斜褍胁邪褌懈褋褟,2.45
锌芯谢芯薪懈褌懈,2.45
褋褌邪褉褨褌懈,2.45
褌褟谐薪褍褌懈褋褟,2.45
褍锌褉邪胁谢褟褌懈褋褟,2.45
胁邪褉褨褞胁邪褌懈,2.44
胁写芯褋泻芯薪邪谢褞胁邪褌懈褋褟,2.44
胁懈谢懈胁邪褌懈,2.44
谐薪邪褌懈褋褟,2.44
写芯写邪胁邪褌懈褋褟,2.44
泻芯薪褋褍谢褜褌褍胁邪褌懈,2.44
芯斜懈褉邪褌懈褋褟,2.44
芯斜褍褉褞胁邪褌懈褋褟,2.44
芯褋薪邪褖褍胁邪褌懈褋褟,2.44
锌芯谢械谐褕褍胁邪褌懈,2.44
锌芯褩写邪褌懈,2.44
锌褉芯褏邪褌懈,2.44
锌褉褟屑褍胁邪褌懈,2.44
锌褨写屑褨薪褟褌懈,2.44
褍写芯褋泻芯薪邪谢褞胁邪褌懈,2.44
褑褜泻褍胁邪褌懈,2.44
胁懈谢懈蟹褍胁邪褌懈,2.43
胁薪懈泻邪褌懈,2.43
谐邪褌懈褌懈,2.43
写芯褩褌懈,2.43
蟹邪胁械褉褌邪褌懈,2.43
蟹胁邪卸褍胁邪褌懈,2.43
蟹薪邪褌懈褋褟,2.43
泻褨薪褔邪褌懈,2.43
谢邪屑邪褌懈褋褟,2.43
屑邪褉薪褍胁邪褌懈,2.43
锌褉芯谢懈胁邪褌懈,2.43
褉械谐芯褌邪褌懈,2.43
褉芯蟹斜褍写芯胁褍胁邪褌懈,2.43
褉芯蟹屑褨褉泻芯胁褍胁邪褌懈,2.43
褋泻邪薪褍胁邪褌懈,2.43
褌褉褍写懈褌懈褋褟,2.43
褎邪薪褌邪蟹褍胁邪褌懈,2.43
褏褉械褋褌懈褌懈褋褟,2.43
褕械锌芯褌褨褌懈,2.43
褨褉卸邪褌懈,2.43
覒褉褍薪褌褍胁邪褌懈褋褟,2.43
邪胁褌芯屑邪褌懈蟹褍胁邪褌懈,2.42
斜褉褍写薪懈褌懈褋褟,2.42
胁懈褉褍斜褍胁邪褌懈,2.42
胁锌褨蟹薪邪胁邪褌懈,2.42
胁褌褟谐褍胁邪褌懈,2.42
泻芯薪褌褉邪褌邪泻褍胁邪褌懈,2.42
屑邪泻褋懈屑褨蟹褍胁邪褌懈,2.42
锌芯锌芯胁薪褞胁邪褌懈,2.42
锌褉懈褋褟谐邪褌懈,2.42
褉械褦褋褌褉褍胁邪褌懈褋褟,2.42
褉芯蟹褨谐褉褨胁邪褌懈,2.42
褉褍褕邪褌懈,2.42
褋懈屑胁芯谢褨蟹褍胁邪褌懈,2.42
褋锌褉芯褖褍胁邪褌懈,2.42
褌褍卸懈褌懈,2.42
褨屑械薪褍胁邪褌懈,2.42
胁懈薪懈褌懈,2.41
胁懈褉褍斜邪褌懈,2.41
写褨邪谐薪芯褋褌褍胁邪褌懈,2.41
蟹邪褋屑邪谐邪褌懈,2.41
泻芯褌懈褌懈,2.41
褉芯蟹褉邪褏芯胁褍胁邪褌懈褋褟,2.41
褋泻邪泻邪褌懈,2.41
胁谐邪写褍胁邪褌懈,2.40
胁褉懈胁邪褌懈褋褟,2.40
胁褨写褉芯斜谢褟褌懈,2.40
谐薪褍褌懈,2.40
谐褉芯屑懈褌懈,2.40
蟹褉懈胁邪褌懈,2.40
泻褉褨锌懈褌懈,2.40
锌械褉械屑懈泻邪褌懈褋褟,2.40
锌芯褌褉械斜褍胁邪褌懈,2.40
锌褉芯谐芯谢芯褕褍胁邪褌懈,2.40
褉械褋褌邪胁褉褍胁邪褌懈,2.40
褉芯蟹褉芯斜谢褟褌懈褋褟,2.40
褋褌械褉械谐褌懈,2.40
褌褉邪锌谢褟褌懈褋褟,2.40
胁邪泻褑懈薪褍胁邪褌懈,2.39
胁懈锌褉芯屑褨薪褞胁邪褌懈,2.39
胁泻谢邪写邪褌懈褋褟,2.39
胁谢邪褕褌芯胁褍胁邪褌懈褋褟,2.39
胁屑懈胁邪褌懈褋褟,2.39
胁芯蟹懈褌懈褋褟,2.39
胁褨写写邪胁邪褌懈褋褟,2.39
胁褨写谢褟泻褍胁邪褌懈,2.39
谐邪胁泻邪褌懈,2.39
写芯泻芯褉褟褌懈,2.39
泻芯屑斜褨薪褍胁邪褌懈,2.39
谢褨褔懈褌懈,2.39
屑芯薪芯锌芯谢褨蟹褍胁邪褌懈,2.39
屑褍褔懈褌懈褋褟,2.39
锌芯写芯胁卸褍胁邪褌懈,2.39
锌芯谢懈褕邪褌懈,2.39
锌褉懈胁芯蟹懈褌懈,2.39
锌褨写锌芯褉褟写泻芯胁褍胁邪褌懈褋褟,2.39
褉芯蟹写懈胁谢褟褌懈褋褟,2.39
褉芯蟹锌芯胁褋褞写卸褍胁邪褌懈褋褟,2.39
褋械谢懈褌懈褋褟,2.39
褌邪褩褌懈,2.39
褎芯褉褋褍胁邪褌懈,2.39
胁谢芯胁谢褞胁邪褌懈,2.38
胁褨写芯斜褉邪卸邪褌懈褋褟,2.38
蟹邪褑懈泻谢褞胁邪褌懈褋褟,2.38
薪邪锌褉褍卸褍胁邪褌懈褋褟,2.38
芯斜泻谢邪写邪褌懈,2.38
锌芯褋谢邪斜谢褞胁邪褌懈,2.38
锌褨泻械褌褍胁邪褌懈,2.38
褋褌懈泻邪褌懈褋褟,2.38
褌泻邪褌懈,2.38
写芯泻邪蟹褍胁邪褌懈,2.37
蟹邪薪械锌邪写邪褌懈,2.37
蟹邪褔褨锌邪褌懈,2.37
芯褋褌懈谐邪褌懈,2.37
锌芯写褨谢褟褌懈,2.37
锌褉懈褩蟹写懈褌懈,2.37
锌褨写褌褉懈屑褍胁邪褌懈褋褟,2.37
褉械谐褍谢褞胁邪褌懈褋褟,2.37
褋泻芯褉芯褔褍胁邪褌懈,2.37
斜芯卸械胁芯谢褨褌懈,2.36
胁褨写写褨谢褟褌懈,2.36
泻胁邪谢褨褎褨泻褍胁邪褌懈褋褟,2.36
屑邪泄褋褌褉褍胁邪褌懈,2.36
屑芯谐褌懈,2.36
薪邪褉芯写卸褍胁邪褌懈褋褟,2.36
锌械褉械屑褨褖褍胁邪褌懈,2.36
锌械褉械褌褉邪胁谢褞胁邪褌懈,2.36
褋锌芯褌胁芯褉褞胁邪褌懈,2.36
胁锌芯褉褟写泻芯胁褍胁邪褌懈,2.35
胁褨写褉懈胁邪褌懈,2.35
蟹斜褍写卸褍胁邪褌懈,2.35
泻芯褉懈谐褍胁邪褌懈,2.35
芯褔懈褖邪褌懈,2.35
锌邪褉懈褌懈,2.35
锌邪褉泻褍胁邪褌懈褋褟,2.35
锌褨写锌懈褋褍胁邪褌懈褋褟,2.35
褉芯蟹写褟谐邪褌懈,2.35
邪褉械褕褌芯胁褍胁邪褌懈,2.34
胁械褉斜褍胁邪褌懈,2.34
胁械褉褕懈褌懈,2.34
胁懈泻芯锌褍胁邪褌懈,2.34
写芯褉芯卸褔邪褌懈,2.34
蟹邪胁褨写褍胁邪褌懈,2.34
蟹邪蟹褨褏邪褌懈,2.34
泻芯屑锌谢械泻褌褍胁邪褌懈褋褟,2.34
薪邪泻懈写邪褌懈,2.34
锌械褋褌懈褌懈,2.34
锌芯谢褟谐邪褌懈,2.34
锌褉械写褋褌邪胁谢褟褌懈褋褟,2.34
锌褉懈褋褌邪胁邪褌懈,2.34
锌褉芯胁芯写卸邪褌懈,2.34
锌褉芯锌懈褋褍胁邪褌懈,2.34
褉械芯褉谐邪薪褨蟹褍胁邪褌懈,2.34
褋懈屑褍谢褞胁邪褌懈,2.34
褌芯胁邪褉懈褕褍胁邪褌懈,2.34
胁泻谢褞褔邪褌懈褋褟,2.33
胁锌褉邪胁谢褟褌懈褋褟,2.33
卸械薪懈褌懈褋褟,2.33
泻懈锌'褟褌懈褌懈,2.33
褉芯蟹谐邪写褍胁邪褌懈,2.33
褏邪锌邪褌懈褋褟,2.33
胁邪褉褌褍胁邪褌懈,2.32
胁褨写薪褨屑邪褌懈,2.32
胁褨写褉懈胁邪褌懈褋褟,2.32
胁褨蟹褍邪谢褨蟹褍胁邪褌懈,2.32
写褍褌懈,2.32
蟹邪斜褉褍写薪褞胁邪褌懈,2.32
泻邪褕谢褟褌懈,2.32
薪邪谐褉褨胁邪褌懈褋褟,2.32
芯斜'褩卸写卸邪褌懈,2.32
锌芯泻邪蟹褍胁邪褌懈褋褟,2.32
锌芯屑'褟泻褕褍胁邪褌懈,2.32
锌褨写谐芯写芯胁褍胁邪褌懈,2.32
锌褨写泻邪蟹褍胁邪褌懈,2.32
褋芯胁褨褌懈,2.32
褋褌褍锌邪褌懈,2.32
褋褍锌褉芯胁芯写懈褌懈,2.32
胁褋械谢褟褌懈,2.31
胁褨写褕褌芯胁褏褍胁邪褌懈,2.31
写芯谐芯写卸邪褌懈,2.31
蟹邪屑懈泻邪褌懈,2.31
泻芯薪褋褌褉褍褞胁邪褌懈,2.31
谢褨薪褍胁邪褌懈褋褟,2.31
屑邪褉泻褍胁邪褌懈,2.31
屑褨谐褉褍胁邪褌懈,2.31
薪邪斜懈胁邪褌懈,2.31
薪邪褋褌褉芯褞胁邪褌懈,2.31
薪芯褋懈褌懈褋褟,2.31
芯斜屑芯胁谢褟褌懈,2.31
锌械褉械泄屑械薪芯胁褍胁邪褌懈,2.31
褉芯蟹褌邪褕芯胁褍胁邪褌懈,2.31
褋懈褋褌械屑邪褌懈蟹褍胁邪褌懈,2.31
胁芯褉芯卸懈褌懈,2.30
胁褨写谐邪薪褟褌懈,2.30
写芯褌芯褉泻邪褌懈褋褟,2.30
蟹邪谢邪蟹懈褌懈,2.30
蟹邪屑械褉蟹邪褌懈,2.30
泻懈锌褨褌懈,2.30
泻褍锌邪褌懈,2.30
屑械写懈褌褍胁邪褌懈,2.30
锌芯褉芯写卸褍胁邪褌懈,2.30
锌褉懈蟹薪邪褔邪褌懈褋褟,2.30
褨薪褎褨泻褍胁邪褌懈,2.30
胁芯褉褍褕懈褌懈,2.29
胁褨写胁芯泄芯胁褍胁邪褌懈,2.29
蟹邪褋胁芯褞胁邪褌懈,2.29
蟹薪械褕泻芯写卸褍胁邪褌懈,2.29
锌褉芯褌懈胁懈褌懈褋褟,2.29
褋褌懈褋泻邪褌懈褋褟,2.29
斜褍褉懈褌懈,2.28
蟹邪写褍屑褍胁邪褌懈褋褟,2.28
蟹谢懈胁邪褌懈褋褟,2.28
蟹褨蟹薪邪胁邪褌懈褋褟,2.28
泻芯薪褋芯谢褨写褍胁邪褌懈,2.28
锌邪褉泻褍胁邪褌懈,2.28
锌械褉械泻谢褞褔邪褌懈褋褟,2.28
锌芯胁褌芯褉褞胁邪褌懈褋褟,2.28
锌芯锌褉邪胁谢褟褌懈,2.28
锌褉懈褦写薪褍胁邪褌懈,2.28
锌褨写泻芯褉褞胁邪褌懈,2.28
褉械褋褌褉褍泻褌褍褉懈蟹褍胁邪褌懈,2.28
褉芯写懈褌懈,2.28
褋懈薪褏褉芯薪褨蟹褍胁邪褌懈,2.28
褋锌芯胁褨写邪褌懈褋褟,2.28
褎褨薪褨褕褍胁邪褌懈,2.28
斜芯屑斜邪褉写褍胁邪褌懈,2.27
胁褉邪褏芯胁褍胁邪褌懈褋褟,2.27
胁褌芯屑谢褞胁邪褌懈褋褟,2.27
胁褨写邪褌懈,2.27
胁褨写泻邪褔褍胁邪褌懈,2.27
蟹邪谐邪薪褟褌懈,2.27
蟹邪锌芯写褨褞胁邪褌懈,2.27
蟹邪褔懈薪褟褌懈,2.27
蟹胁芯蟹懈褌懈,2.27
泻邪褔邪褌懈褋褟,2.27
泻谢芯薪褍胁邪褌懈,2.27
泻谢芯锌芯褌邪褌懈,2.27
锌褨写泻谢褞褔邪褌懈褋褟,2.27
褉芯蟹薪芯褋懈褌懈,2.27
褋懈锌邪褌懈,2.27
褋锌谢懈胁邪褌懈,2.27
褎谢褨褉褌褍胁邪褌懈,2.27
胁懈谐褍谢褞胁邪褌懈,2.26
胁懈褉邪卸邪褌懈褋褟,2.26
谐褉械斜褌懈,2.26
写芯褉芯褋谢褨褕邪褌懈,2.26
蟹邪斜械蟹锌械褔褍胁邪褌懈褋褟,2.26
蟹邪泻褨薪褔褍胁邪褌懈褋褟,2.26
泻褉芯胁芯褌芯褔懈褌懈,2.26
薪邪斜褉懈写邪褌懈,2.26
芯斜褋懈锌邪褌懈,2.26
芯蟹懈褉邪褌懈褋褟,2.26
锌械褉械写褍胁邪褌懈,2.26
锌芯谐邪薪褟褌懈,2.26
锌芯褌褍褉邪褌懈,2.26
褉芯蟹写褟谐邪褌懈褋褟,2.26
褉芯蟹写褨谢褟褌懈褋褟,2.26
褋胁邪褉懈褌懈,2.26
褋锌褨胁褋褌邪胁谢褟褌懈,2.26
褋褌褉邪褔褍胁邪褌懈,2.26
褌械褋褌褍胁邪褌懈,2.26
褌褉褟褋褌懈,2.26
褍锌褍褋泻邪褌懈,2.26
斜芯泻褋褍胁邪褌懈,2.25
胁邪褉懈褌懈褋褟,2.25
写懈褎械褉械薪褑褨褞胁邪褌懈,2.25
蟹胁褨褉褟褌懈,2.25
泻谢褞胁邪褌懈,2.25
芯斜谢邪褕褌芯胁褍胁邪褌懈,2.25
褋褌褉邪褏褍胁邪褌懈,2.25
胁褨写褉芯写卸褍胁邪褌懈,2.24
胁褨写褏懈谢褟褌懈褋褟,2.24
屑邪褋褌褍褉斜褍胁邪褌懈,2.24
薪邪褌褟谐褍胁邪褌懈,2.24
芯斜屑褨薪褞胁邪褌懈,2.24
锌褉芯谐褉械褋褍胁邪褌懈,2.24
锌褨写谐邪薪褟褌懈,2.24
锌褨写褋懈锌邪褌懈,2.24
褋屑邪泻褍胁邪褌懈,2.24
褋褌褍泻邪褌懈褋褟,2.24
褌械褉芯褉懈蟹褍胁邪褌懈,2.24
斜邪蟹褨泻邪褌懈,2.23
胁懈锌邪谢褞胁邪褌懈,2.23
胁屑褨褖褍胁邪褌懈,2.23
谐邪薪褟褌懈褋褟,2.23
屑褔邪褌懈,2.23
锌芯胁褨写邪褌懈,2.23
褑褨薪懈褌懈,2.23
邪写屑褨薪褨褋褌褉褍胁邪褌懈,2.22
斜褍薪褌褍胁邪褌懈,2.22
胁懈泻邪褔褍胁邪褌懈,2.22
胁褨写屑懈胁邪褌懈,2.22
蟹'褦写薪褍胁邪褌懈褋褟,2.22
蟹邪写懈褏邪褌懈褋褟,2.22
蟹邪锌褍褋泻邪褌懈褋褟,2.22
泻芯薪胁械褉褌褍胁邪褌懈,2.22
谢褟泻邪褌懈褋褟,2.22
芯锌谢邪泻褍胁邪褌懈,2.22
芯褋褍写卸褍胁邪褌懈,2.22
锌褉懈褋胁芯褞胁邪褌懈,2.22
褉芯蟹谐邪薪褟褌懈褋褟,2.22
褋械褉写懈褌懈褋褟,2.22
褋褌褉懈屑褍胁邪褌懈褋褟,2.22
斜褨褋懈褌懈,2.21
胁械褉械写褍胁邪褌懈,2.21
胁屑褨褖邪褌懈,2.21
写械谢械谐褍胁邪褌懈,2.21
写芯褉芯卸懈褌懈,2.21
薪邪褋屑褨褏邪褌懈褋褟,2.21
薪邪褋褌邪胁谢褟褌懈,2.21
芯卸懈胁谢褟褌懈,2.21
锌械褉械斜褍写芯胁褍胁邪褌懈,2.21
锌谢械褋泻邪褌懈,2.21
锌芯屑褨褖邪褌懈,2.21
锌芯褋褌邪胁谢褟褌懈褋褟,2.21
褉懈锌邪褌懈褋褟,2.21
褉芯蟹褍屑褨褌懈褋褟,2.21
褉褨胁薪褟褌懈,2.21
褍屑懈褉邪褌懈,2.21
胁褌褨褕邪褌懈,2.20
胁褨写胁械褉褌邪褌懈,2.20
写邪褌褍胁邪褌懈,2.20
写械褉褌懈褋褟,2.20
蟹斜谢懈卸褍胁邪褌懈褋褟,2.20
蟹褔懈褌褍胁邪褌懈,2.20
泻邪锌邪褌懈,2.20
泻褉懈胁写懈褌懈,2.20
芯褋薪邪褖褍胁邪褌懈,2.20
锌邪褉邪谢褨蟹褍胁邪褌懈,2.20
锌谢褍褌邪褌懈褋褟,2.20
锌芯褋懈谢褞胁邪褌懈褋褟,2.20
锌褉懈褌褉懈屑褍胁邪褌懈,2.20
锌褨写谢褟谐邪褌懈,2.20
褉械邪谢褨蟹褍胁邪褌懈褋褟,2.20
褉芯蟹谐芯褉褌邪褌懈褋褟,2.20
褉芯蟹锌邪写邪褌懈褋褟,2.20
褋胁懈褋褌褨褌懈,2.20
胁褉褍褔邪褌懈,2.19
胁褨写蟹薪邪褔邪褌懈褋褟,2.19
胁褨写褉芯写卸褍胁邪褌懈褋褟,2.19
泻芯褌懈褌懈褋褟,2.19
泻褉褨锌懈褌懈褋褟,2.19
芯写褍卸褍胁邪褌懈,2.19
锌褨写褌胁械褉写卸褍胁邪褌懈,2.19
褉芯蟹褋懈锌邪褌懈,2.19
褋谢邪斜褕邪褌懈,2.19
褍蟹谐芯写卸褍胁邪褌懈,2.19
胁斜邪褔邪褌懈,2.18
胁褌芯褉谐邪褌懈褋褟,2.18
写懈褋褌邪薪褑褨褞胁邪褌懈褋褟,2.18
蟹邪胁懈褋邪褌懈,2.18
蟹邪褉邪褏芯胁褍胁邪褌懈,2.18
泻芯褉懈褋褌邪褌懈,2.18
屑芯褔懈褌懈褋褟,2.18
薪芯褉屑邪谢褨蟹褍胁邪褌懈,2.18
锌芯褋褌邪胁邪褌懈,2.18
锌芯褟褋薪褞胁邪褌懈褋褟,2.18
锌褉芯谐邪薪褟褌懈,2.18
锌褉芯泻谢懈薪邪褌懈,2.18
褉械锌械褌懈褉褍胁邪褌懈,2.18
褉芯蟹泻谢邪写邪褌懈褋褟,2.18
褍薪褨褎褨泻褍胁邪褌懈,2.18
褏懈蟹褍胁邪褌懈褋褟,2.18
褑胁褨褋褌懈,2.18
胁懈写邪谢褟褌懈褋褟,2.17
胁懈泻褉褍褔褍胁邪褌懈褋褟,2.17
胁褨写谢褨褌邪褌懈,2.17
谐薪褨胁邪褌懈褋褟,2.17
褉芯蟹写褍胁邪褌懈,2.17
褉芯蟹屑邪褏褍胁邪褌懈,2.17
胁懈泻谢懈泻邪褌懈褋褟,2.16
写械斜褞褌褍胁邪褌懈,2.16
写械褉褌懈,2.16
泻褍褋邪褌懈褋褟,2.16
屑芯薪褌褍胁邪褌懈,2.16
芯谐谢褟写邪褌懈褋褟,2.16
芯锌懈褌褍胁邪褌懈,2.16
锌褨写胁懈褖褍胁邪褌懈褋褟,2.16
锌褨写褋懈谢褞胁邪褌懈,2.16
锌褨谢芯褌褍胁邪褌懈,2.16
褉械邪谢褨蟹芯胁褍胁邪褌懈褋褟,2.16
褋泻懈谐谢懈褌懈,2.16
褋锌邪写邪褌懈,2.16
褋锌芯胁褨写邪褌懈,2.16
褨屑械薪褍胁邪褌懈褋褟,2.16
斜邪泄写懈泻褍胁邪褌懈,2.15
胁褨写芯泻褉械屑谢褞胁邪褌懈,2.15
写褍褕懈褌懈,2.15
蟹邪泻芯褏褍胁邪褌懈褋褟,2.15
屑芯谢芯褌懈褌懈,2.15
薪邪蟹写芯谐邪薪褟褌懈,2.15
芯斜谐邪薪褟褌懈,2.15
褉芯蟹锌懈谢褞胁邪褌懈,2.15
褉芯蟹褉芯褋褌邪褌懈褋褟,2.15
褋邪薪泻褑褨芯薪褍胁邪褌懈,2.15
褋械褉褌懈褎褨泻褍胁邪褌懈,2.15
褌褉邪薪褋褎芯褉屑褍胁邪褌懈褋褟,2.15
褍锌芯胁褨谢褜薪褞胁邪褌懈,2.15
胁懈薪芯褕褍胁邪褌懈,2.14
蟹谢邪屑褍胁邪褌懈,2.14
薪邪褉芯褋褌邪褌懈,2.14
锌械褉械褔懈褌懈,2.14
褉芯蟹褔邪褉芯胁褍胁邪褌懈,2.14
褎芯褉屑邪褌褍胁邪褌懈,2.14
胁胁芯写懈褌懈褋褟,2.13
谐芯谢懈褌懈褋褟,2.13
蟹邪褋褌邪胁谢褟褌懈,2.13
泻械褉屑褍胁邪褌懈,2.13
泻褍褏芯胁邪褉懈褌懈,2.13
屑芯谢懈褌懈,2.13
芯斜蟹懈胁邪褌懈,2.13
芯褉谐邪薪褨蟹芯胁褍胁邪褌懈褋褟,2.13
锌褉懈褋胁褟褔褍胁邪褌懈,2.13
锌褨写斜邪写褜芯褉褞胁邪褌懈,2.13
褉芯蟹褏懈褌褍胁邪褌懈,2.13
褋薪懈褌懈褋褟,2.13
褋锌械褑褨邪谢褨蟹褍胁邪褌懈褋褟,2.13
褋锌褉懈褔懈薪褞胁邪褌懈,2.13
褔邪泻谢褍胁邪褌懈,2.13
械泻褋褌褉邪锌芯谢褞胁邪褌懈,2.12
蟹邪褋械谢褟褌懈,2.12
泻邪褉斜褍胁邪褌懈,2.12
泻芯锌邪褌懈褋褟,2.12
锌褉懈褋懈谢邪褌懈,2.12
褉芯蟹泻褉邪写邪褌懈,2.12
褋泻谢械褞胁邪褌懈,2.12
邪薪械泻褋褍胁邪褌懈,2.11
胁械褉褌邪褌懈,2.11
胁懈斜褍褏邪褌懈,2.11
蟹写褨泄屑邪褌懈,2.11
锌械褉械胁械褉褕褍胁邪褌懈,2.11
锌械褉械薪芯褋懈褌懈褋褟,2.11
锌褉懈褋褌褍锌邪褌懈,2.11
褋泻褍锌懈褌懈褋褟,2.11
褌胁械褉写懈褌懈,2.11
褎褨谐褍褉褍胁邪褌懈,2.11
胁懈泻褉褍褔褍胁邪褌懈,2.10
胁懈褕褌芯胁褏褍胁邪褌懈,2.10
泻芯写褍胁邪褌懈,2.10
芯褋褨写邪褌懈,2.10
锌械褉械褌懈薪邪褌懈褋褟,2.10
褉械锌褉械蟹械薪褌褍胁邪褌懈,2.10
褉芯斜懈褌懈褋褟,2.10
斜褉邪泻褍胁邪褌懈,2.09
胁褨写褋褌褉褨谢褞胁邪褌懈,2.09
写芯胁斜邪褌懈,2.09
蟹谐邪褋邪褌懈,2.09
泻邪谢褨褔懈褌懈,2.09
泻谢邪薪褟褌懈褋褟,2.09
芯斜芯卸薪褞胁邪褌懈,2.09
芯锌褉邪褑褜芯胁褍胁邪褌懈,2.09
锌械褉械谐邪薪褟褌懈,2.09
锌褉芯锌芯薪褍胁邪褌懈褋褟,2.09
锌褉褍褔邪褌懈褋褟,2.09
褋褌懈褉褔邪褌懈,2.09
邪泻褑械薪褌褍胁邪褌懈,2.08
胁邪谐邪褌懈褋褟,2.08
胁邪谢褟褌懈褋褟,2.08
胁懈泻褍锌芯胁褍胁邪褌懈,2.08
胁锌褉芯胁邪写卸褍胁邪褌懈褋褟,2.08
胁褨写胁芯蟹懈褌懈,2.08
写芯褌褉懈屑褍胁邪褌懈,2.08
芯薪芯胁谢褞胁邪褌懈褋褟,2.08
锌芯谐谢懈斜谢褞胁邪褌懈,2.08
锌芯褕泻芯写卸褍胁邪褌懈,2.08
褌褉邪泻褌褍胁邪褌懈褋褟,2.08
胁褨写屑褨褔邪褌懈褋褟,2.07
谐芯谢芯胁褍胁邪褌懈,2.07
械泻褉邪薪褨蟹褍胁邪褌懈,2.07
蟹邪蟹懈褉邪褌懈,2.07
蟹邪褔懈褖邪褌懈,2.07
芯褌芯褔褍胁邪褌懈,2.07
锌芯谐芯写卸褍胁邪褌懈,2.07
褋褍薪褍褌懈,2.07
褌褉懈胁芯卸懈褌懈,2.07
写褉褨屑邪褌懈,2.06
蟹邪褉芯写卸褍胁邪褌懈褋褟,2.06
蟹胁芯写懈褌懈褋褟,2.06
泻褉懈褌懈,2.06
屑械褌褍褕懈褌懈褋褟,2.06
薪懈褕锌芯褉懈褌懈,2.06
褔褍胁邪褌懈,2.06
胁邪谢懈褌懈褋褟,2.05
胁斜懈褉邪褌懈,2.05
胁泻谢芯薪褟褌懈褋褟,2.05
谐芯写褍胁邪褌懈褋褟,2.05
写芯泻褍褔邪褌懈,2.05
蟹芯褋械褉械写卸褍胁邪褌懈,2.05
泻胁邪锌懈褌懈,2.05
泻芯薪褑械薪褌褉褍胁邪褌懈,2.05
屑褨褌懈薪谐褍胁邪褌懈,2.05
薪邪褋懈锌邪褌懈,2.05
锌械褉械褏芯锌谢褞胁邪褌懈,2.05
褋锌芯胁褨谢褜薪褞胁邪褌懈褋褟,2.05
褍泻褉褨锌谢褞胁邪褌懈,2.05
胁懈胁褔邪褌懈褋褟,2.04
蟹斜褨谐邪褌懈,2.04
谢械谐泻芯胁邪卸懈褌懈,2.04
谢懈褋褌褍胁邪褌懈褋褟,2.04
锌械褉械泻邪褔褍胁邪褌懈,2.04
锌械褉械褩蟹写懈褌懈,2.04
锌谢芯写芯薪芯褋懈褌懈,2.04
锌芯蟹懈褑褨芯薪褍胁邪褌懈,2.04
锌芯谢褨锌褕褍胁邪褌懈,2.04
锌芯褋懈锌邪褌懈,2.04
褏邪褉邪泻褌械褉懈蟹褍胁邪褌懈褋褟,2.04
褔邪褉褍胁邪褌懈,2.04
褔械褋邪褌懈,2.04
斜邪谢邪薪褋褍胁邪褌懈,2.03
蟹邪褋懈谢邪褌懈,2.03
泻懈胁邪褌懈,2.03
泻芯谢械泻褑褨芯薪褍胁邪褌懈,2.03
芯锌褨泻邪褌懈,2.03
锌械褉械芯写褟谐邪褌懈褋褟,2.03
锌芯谐谢褟写邪褌懈,2.03
锌芯卸懈薪邪褌懈,2.03
锌芯锌芯胁薪褞胁邪褌懈褋褟,2.03
褌谢褨褌懈,2.03
斜褉褍写薪懈褌懈,2.02
蟹邪褉邪卸邪褌懈,2.02
谢邪写薪邪褌懈,2.02
芯褋锌芯褉褞胁邪褌懈,2.02
锌械褉褌懈,2.02
锌褉懈褋泻芯褉褞胁邪褌懈褋褟,2.02
褉褨褕邪褌懈,2.02
褔懈褌邪褌懈褋褟,2.02
覒胁邪谢褌褍胁邪褌懈,2.02
邪泻褍屑褍谢褞胁邪褌懈,2.01
邪褋懈屑褨谢褞胁邪褌懈,2.01
胁褔懈褌械谢褞胁邪褌懈,2.01
胁褨写褌胁芯褉褞胁邪褌懈褋褟,2.01
写芯锌芯胁薪褞胁邪褌懈褋褟,2.01
蟹'褩卸写卸邪褌懈,2.01
蟹邪褌懈泻邪褌懈,2.01
泻芯薪褎谢褨泻褌褍胁邪褌懈,2.01
屑褨褌懈褌懈,2.01
芯褏芯谢芯写卸褍胁邪褌懈,2.01
芯褑褨薪褞胁邪褌懈褋褟,2.01
锌褉懈谢褨褌邪褌懈,2.01
褉邪写懈褌懈褋褟,2.01
褋胁邪褌邪褌懈褋褟,2.01
褍卸懈胁邪褌懈,2.01
胁懈胁芯写懈褌懈褋褟,2.00
蟹邪泻褉褨锌谢褞胁邪褌懈,2.00
蟹屑褨褕褍胁邪褌懈褋褟,2.00
蟹屑褨褖褍胁邪褌懈褋褟,2.00
谢邪写懈褌懈,2.00
芯斜褕褍泻褍胁邪褌懈,2.00
芯褋胁褨褌谢褞胁邪褌懈,2.00
锌谢邪胁懈褌懈,2.00
锌褉懈褋褍写卸褍胁邪褌懈,2.00
褉械邪斜褨谢褨褌褍胁邪褌懈,2.00
褉芯蟹褔懈薪褟褌懈褋褟,2.00
褉芯蟹褕懈褉褟褌懈褋褟,2.00
褌芯谢械褉褍胁邪褌懈,2.00
褍褉邪卸邪褌懈,2.00
邪锌械谢褞胁邪褌懈,1.99
胁褨写褉邪褏芯胁褍胁邪褌懈,1.99
写褉邪屑邪褌懈蟹褍胁邪褌懈,1.99
蟹邪写邪胁邪褌懈褋褟,1.99
蟹邪屑褨薪褞胁邪褌懈褋褟,1.99
薪械锌芯泻芯褩褌懈褋褟,1.99
薪褨胁械谢褞胁邪褌懈,1.99
锌械褉械褏芯胁褍胁邪褌懈,1.99
锌芯谢褨锌褕褍胁邪褌懈褋褟,1.99
锌褉懈胁'褟蟹褍胁邪褌懈,1.99
褉芯蟹褔懈褖邪褌懈,1.99
褑邪褉褞胁邪褌懈,1.99
褑懈褉泻褍谢褞胁邪褌懈,1.99
褔械褉锌邪褌懈,1.99
谐褉褍锌褍胁邪褌懈,1.98
蟹邪谢懈褑褟褌懈褋褟,1.98
蟹褑褨谢褞胁邪褌懈,1.98
谢懈锌薪褍褌懈,1.98
薪邪褋邪写卸褍胁邪褌懈,1.98
芯斜泻褉邪写邪褌懈,1.98
锌芯褋褨写邪褌懈,1.98
褉芯蟹褋屑芯泻褌褍胁邪褌懈,1.98
褑褨谢懈褌懈褋褟,1.98
胁懈锌邪褋邪褌懈,1.97
胁懈锌械褉械写卸邪褌懈,1.97
胁懈锌懈胁邪褌懈,1.97
胁褌褉懈屑褍胁邪褌懈,1.97
胁褨写'褩卸写卸邪褌懈,1.97
卸斜褍褉谢褟褌懈,1.97
泻械锌泻褍胁邪褌懈,1.97
泻芯屑锌谢械泻褌褍胁邪褌懈,1.97
薪邪谢褨褔褍胁邪褌懈,1.97
锌械褉械褋褌褉懈斜褍胁邪褌懈,1.97
锌褉芯屑芯胁谢褟褌懈,1.97
褉邪薪懈褌懈,1.97
褍写邪胁邪褌懈,1.97
褍芯褋芯斜谢褞胁邪褌懈,1.97
褨薪写褍泻褍胁邪褌懈,1.97
邪屑锌褍褌褍胁邪褌懈,1.96
胁斜褍写芯胁褍胁邪褌懈,1.96
胁懈泻谢邪写邪褌懈褋褟,1.96
胁懈褩蟹写懈褌懈,1.96
胁褨写谢芯胁谢褞胁邪褌懈,1.96
蟹邪谐芯褋褌褉褞胁邪褌懈,1.96
蟹邪锌褨蟹薪褞胁邪褌懈褋褟,1.96
谢褍锌褑褞胁邪褌懈,1.96
屑械褋褌懈,1.96
屑械褌邪褌懈,1.96
锌械褉械褋褌邪胁邪褌懈,1.96
锌褉懈写褨谢褟褌懈褋褟,1.96
锌褉芯褉芯褋褌邪褌懈,1.96
褉芯蟹胁械褉褌邪褌懈褋褟,1.96
褋锌芯薪褋芯褉褍胁邪褌懈,1.96
褌懈薪褟褌懈褋褟,1.96
褍卸懈胁邪褌懈褋褟,1.96
褍泻邪蟹褍胁邪褌懈,1.96
褎芯褉屑邪谢褨蟹褍胁邪褌懈,1.96
写芯斜懈胁邪褌懈,1.95
写芯褕泻褍谢褟褌懈,1.95
蟹褨褋褌邪胁谢褟褌懈,1.95
锌褉懈褖械锌谢褞胁邪褌懈,1.95
锌褋褍胁邪褌懈褋褟,1.95
褉芯蟹褌褟谐褍胁邪褌懈,1.95
褉芯蟹褔懈薪褟褌懈,1.95
褋锌褨胁褉芯斜褨褌薪懈褔邪褌懈,1.95
褌褉褟褋褌懈褋褟,1.95
褖懈锌邪褌懈,1.95
褨谢褞褋褌褉褍胁邪褌懈,1.95
褨薪谐褨斜褍胁邪褌懈,1.95
胁械褉械褖邪褌懈,1.94
胁褨写褋懈写卸褍胁邪褌懈褋褟,1.94
写械屑芯褉邪谢褨蟹褍胁邪褌懈,1.94
泻胁邪锌懈褌懈褋褟,1.94
泻芯谢芯薪褨蟹褍胁邪褌懈,1.94
锌褉械褋褍胁邪褌懈,1.94
锌褉懈斜芯褉泻褍胁邪褌懈,1.94
锌褉懈褕懈胁邪褌懈,1.94
锌褉芯谐褍谢褞胁邪褌懈,1.94
褉械褋褌褉褍泻褌褍褉褍胁邪褌懈,1.94
褉芯蟹屑褨褖邪褌懈,1.94
褉芯蟹锌懈胁邪褌懈,1.94
褉芯蟹褉褨蟹薪褟褌懈褋褟,1.94
褉芯蟹褕懈褎褉芯胁褍胁邪褌懈,1.94
褋懈谐薪邪谢褨蟹褍胁邪褌懈,1.94
褋锌褨蟹薪褞胁邪褌懈褋褟,1.94
褋褏芯写懈褌懈褋褟,1.94
褔褍褏邪褌懈,1.94
斜褍泻褋懈褉褍胁邪褌懈,1.93
胁懈褌褨泻邪褌懈,1.93
卸邪褌懈,1.93
蟹邪屑褨褌邪褌懈,1.93
谢褞褋褌褉褍胁邪褌懈,1.93
屑芯褌邪褌懈,1.93
锌械褉械斜懈褉邪褌懈褋褟,1.93
锌芯谐褨褉褕褍胁邪褌懈,1.93
锌褉懈褋谢褍褏芯胁褍胁邪褌懈褋褟,1.93
褉械谐械薪械褉褍胁邪褌懈,1.93
褋锌芯谢褍褔邪褌懈褋褟,1.93
褋褌褍写褨褞胁邪褌懈,1.93
褋褏胁邪谢褞胁邪褌懈,1.93
胁蟹褍胁邪褌懈,1.92
胁懈斜邪褔邪褌懈,1.92
胁懈褋屑芯泻褌褍胁邪褌懈,1.92
写芯泻褍屑械薪褌褍胁邪褌懈,1.92
蟹邪蟹薪邪褔邪褌懈,1.92
屑邪褋泻褍胁邪褌懈褋褟,1.92
芯斜褋谢褍谐芯胁褍胁邪褌懈褋褟,1.92
锌褉懈蟹械屑谢褟褌懈褋褟,1.92
锌褉芯斜懈褉邪褌懈褋褟,1.92
锌褉芯褋谢邪胁谢褟褌懈,1.92
褋屑械褉写褨褌懈,1.92
褋锌芯胁褨谢褜薪褞胁邪褌懈,1.92
褋褌褉褍泻褌褍褉褍胁邪褌懈,1.92
胁邪斜懈褌懈,1.91
胁懈薪邪褏芯写懈褌懈,1.91
胁褉褨蟹邪褌懈,1.91
写械褎芯褉屑褍胁邪褌懈褋褟,1.91
写懈屑褨褌懈,1.91
蟹邪褋械谢褟褌懈褋褟,1.91
泻芯锌懈褉褋邪褌懈褋褟,1.91
屑芯褉谐邪褌懈,1.91
薪邪谢邪谐芯写卸褍胁邪褌懈褋褟,1.91
芯褋褟谐邪褌懈,1.91
锌械褉械褋械谢褟褌懈,1.91
锌械褉械褋褌褍锌邪褌懈,1.91
锌谢褞薪写褉褍胁邪褌懈,1.91
锌芯写褨谢褟褌懈褋褟,1.91
锌芯蟹懈褑褨芯薪褍胁邪褌懈褋褟,1.91
锌褉懈褋褌芯褋芯胁褍胁邪褌懈,1.91
褉懈褌懈褋褟,1.91
胁芯褉芯谐褍胁邪褌懈,1.90
卸邪谢懈褌懈,1.90
蟹邪斜褍写芯胁褍胁邪褌懈,1.90
屑薪芯卸懈褌懈,1.90
薪芯屑褨薪褍胁邪褌懈,1.90
芯斜谢懈蟹褍胁邪褌懈,1.90
锌褨邪褉懈褌懈,1.90
褋锌褍褋褌芯褕褍胁邪褌懈,1.90
褋褌邪薪写邪褉褌懈蟹褍胁邪褌懈,1.90
褌褍卸懈褌懈褋褟,1.90
褍褋锌邪写泻芯胁褍胁邪褌懈,1.90
褎褨薪邪薪褋褍胁邪褌懈褋褟,1.90
胁懈胁械褉褌邪褌懈,1.89
写懈胁械褉褋懈褎褨泻褍胁邪褌懈,1.89
蟹邪泻褉褨锌谢褞胁邪褌懈褋褟,1.89
蟹谐芯褉褌邪褌懈褋褟,1.89
泻谢邪褋懈褎褨泻褍胁邪褌懈褋褟,1.89
屑邪褋褕褌邪斜褍胁邪褌懈,1.89
薪芯泻邪褍褌褍胁邪褌懈,1.89
芯斜谢邪写薪褍胁邪褌懈褋褟,1.89
芯锌褍斜谢褨泻芯胁褍胁邪褌懈,1.89
锌械褉械胁械褉褌邪褌懈,1.89
褎褨泻褋褍胁邪褌懈褋褟,1.89
褕懈褉懈褌懈褋褟,1.89
胁懈屑褨褉褞胁邪褌懈褋褟,1.88
胁懈褋懈褏邪褌懈,1.88
胁懈褋褌邪胁谢褟褌懈褋褟,1.88
胁懈褌胁芯褉褟褌懈,1.88
胁褨写褕褍泻褍胁邪褌懈,1.88
写芯斜褍写芯胁褍胁邪褌懈,1.88
蟹胁械褉褕褍胁邪褌懈,1.88
泻邪褉邪褌懈褋褟,1.88
谢械谐褨褌懈屑褨蟹褍胁邪褌懈,1.88
屑邪褋泻褍胁邪褌懈,1.88
薪邪写褨谢褟褌懈,1.88
薪邪褉邪褏芯胁褍胁邪褌懈,1.88
锌邪褉邪蟹懈褌褍胁邪褌懈,1.88
锌芯锌械褉械写卸褍胁邪褌懈,1.88
锌褉懈胁谢邪褋薪褞胁邪褌懈,1.88
褉芯蟹锌邪谢褞胁邪褌懈,1.88
褋锌芯谢褍褔邪褌懈,1.88
褎芯褌芯谐褉邪褎褍胁邪褌懈褋褟,1.88
褑械薪褌褉邪谢褨蟹褍胁邪褌懈,1.88
褨写械薪褌懈褎褨泻褍胁邪褌懈褋褟,1.88
胁懈泻褉懈泻褍胁邪褌懈,1.87
胁懈褋懈写卸褍胁邪褌懈,1.87
胁泻邪蟹褍胁邪褌懈褋褟,1.87
胁芯谢芯写邪褉褞胁邪褌懈,1.87
胁褨写褌褨褋薪褟褌懈,1.87
谐邪褉褔邪褌懈,1.87
写褍斜谢褞胁邪褌懈褋褟,1.87
蟹邪胁写褟褔褍胁邪褌懈,1.87
蟹邪谐芯褌芯胁谢褟褌懈,1.87
蟹邪褋谢褍谐芯胁褍胁邪褌懈,1.87
蟹邪褋芯胁褍胁邪褌懈,1.87
蟹邪褕懈胁邪褌懈,1.87
屑芯写械褉褍胁邪褌懈,1.87
薪邪胁褨褞胁邪褌懈,1.87
锌芯褉褍褕褍胁邪褌懈褋褟,1.87
锌褉懈谐邪谢褜屑芯胁褍胁邪褌懈,1.87
褉芯蟹蟹斜褉芯褞胁邪褌懈,1.87
褉芯蟹屑薪芯卸褍胁邪褌懈,1.87
褋锌芯褔懈胁邪褌懈,1.87
胁褋褌褉褟胁邪褌懈,1.86
胁褌褨谢褞胁邪褌懈褋褟,1.86
胁褨写芯泻褉械屑谢褞胁邪褌懈褋褟,1.86
写械褉懈斜邪薪懈褌懈,1.86
蟹谐懈薪邪褌懈,1.86
泻谢芯锌芯褌邪褌懈褋褟,1.86
泻薪褟卸懈褌懈,1.86
泻芯褉械谐褍胁邪褌懈,1.86
锌褉懈褋谢褍卸褍胁邪褌懈,1.86
锌褉芯胁褨写褍胁邪褌懈,1.86
锌褉芯褌懈褋褌邪胁谢褟褌懈,1.86
褉芯蟹写屑褍褏邪褌懈,1.86
褉芯蟹泻褉懈胁邪褌懈褋褟,1.86
褉芯蟹褑褨薪褞胁邪褌懈褋褟,1.86
褋懈屑锌邪褌懈蟹褍胁邪褌懈,1.86
褋锌懈薪褟褌懈褋褟,1.86
褋锌褨胁锌械褉械卸懈胁邪褌懈,1.86
褕懈泻褍胁邪褌懈,1.86
褕懈泻褍胁邪褌懈褋褟,1.86
胁泻褉懈胁邪褌懈,1.85
蟹邪胁邪薪褌邪卸褍胁邪褌懈褋褟,1.85
蟹邪屑芯褉芯褔褍胁邪褌懈褋褟,1.85
蟹邪褉褟写卸邪褌懈褋褟,1.85
泻芯屑锌芯薪褍胁邪褌懈,1.85
泻芯薪褋褍谢褜褌褍胁邪褌懈褋褟,1.85
屑邪褉褕懈褉褍胁邪褌懈,1.85
芯斜谐褉褍薪褌芯胁褍胁邪褌懈,1.85
锌邪褏邪褌懈,1.85
锌械褉械胁褌褨谢褞胁邪褌懈褋褟,1.85
锌械褉械薪邪锌褉邪胁谢褟褌懈,1.85
锌芯褋谢褍谐芯胁褍胁邪褌懈褋褟,1.85
锌褉褟褋褌懈,1.85
褉芯蟹锌懈褋褍胁邪褌懈,1.85
胁懈斜芯褉褞胁邪褌懈,1.84
胁懈锌谢懈胁邪褌懈,1.84
胁懈褉褨胁薪褞胁邪褌懈,1.84
胁褨写写褨谢褟褌懈褋褟,1.84
胁褨写褋褨褞胁邪褌懈,1.84
蟹邪锌芯胁薪褞胁邪褌懈褋褟,1.84
锌褉懈屑薪芯卸褍胁邪褌懈,1.84
褌褍褋褍胁邪褌懈褋褟,1.84
褍写芯褋泻芯薪邪谢褞胁邪褌懈褋褟,1.84
褍蟹谐芯写卸褍胁邪褌懈褋褟,1.84
褍泻谢邪写邪褌懈褋褟,1.84
斜邪胁懈褌懈,1.83
胁懈锌邪褉芯胁褍胁邪褌懈褋褟,1.83
写械泻芯褉褍胁邪褌懈,1.83
写芯写械褉卸褍胁邪褌懈褋褟,1.83
写芯褋褟谐邪褌懈褋褟,1.83
卸懈胁芯褌褨褌懈,1.83
蟹邪屑褨褖邪褌懈,1.83
蟹胁褨谢褜薪褟褌懈褋褟,1.83
芯斜褨泄屑邪褌懈褋褟,1.83
锌褨写锌芯褉褟写泻芯胁褍胁邪褌懈,1.83
褋芯褉芯屑懈褌懈,1.83
褔邪胁懈褌懈,1.83
斜械薪泻械褌褍胁邪褌懈,1.82
胁懈褌褉邪褔邪褌懈褋褟,1.82
写邪胁邪褌懈褋褟,1.82
蟹邪褔懈薪褟褌懈褋褟,1.82
蟹谐懈薪邪褌懈褋褟,1.82
屑邪褌褞泻邪褌懈褋褟,1.82
屑芯褉懈褌懈,1.82
薪褟薪褜褔懈褌懈,1.82
芯蟹斜褉芯褞胁邪褌懈,1.82
锌械褉械写懈胁谢褟褌懈褋褟,1.82
锌械褉械芯褑褨薪褞胁邪褌懈,1.82
锌褉芯褉芯泻褍胁邪褌懈,1.82
锌褨写谢邪褕褌芯胁褍胁邪褌懈褋褟,1.82
锌褨写锌邪谢褞胁邪褌懈,1.82
褉芯蟹锌芯写褨谢褟褌懈褋褟,1.82
褌褍褕泻褍胁邪褌懈,1.82
胁褨斜褉褍胁邪褌懈,1.81
胁褨写褕泻芯写芯胁褍胁邪褌懈,1.81
谐邪褋邪褌懈,1.81
蟹'褩写邪褌懈,1.81
泻胁褨褌薪褍褌懈,1.81
谢褍薪邪褌懈,1.81
屑械褏邪薪褨蟹褍胁邪褌懈,1.81
屑芯斜褨谢褨蟹芯胁褍胁邪褌懈,1.81
锌懈褟褔懈褌懈,1.81
锌谢褞胁邪褌懈褋褟,1.81
锌芯写褉褨斜薪褞胁邪褌懈,1.81
锌褨写斜褍褉褞胁邪褌懈,1.81
锌褨写褕褍泻褍胁邪褌懈,1.81
褉械邪斜褨谢褨褌褍胁邪褌懈褋褟,1.81
褉芯蟹褋褨褞胁邪褌懈,1.81
褋锌褉邪褑褜芯胁褍胁邪褌懈,1.81
斜谢邪谐芯褋谢芯胁谢褟褌懈,1.80
胁懈谢邪屑褍胁邪褌懈,1.80
胁懈谢褨褌邪褌懈,1.80
写芯锌懈褋褍胁邪褌懈,1.80
写褉芯斜懈褌懈,1.80
蟹邪锌芯蟹懈褔褍胁邪褌懈,1.80
蟹邪褌胁械褉写卸褍胁邪褌懈褋褟,1.80
泻邪褋褌褉褍胁邪褌懈,1.80
锌芯泻褉懈胁邪褌懈褋褟,1.80
锌褨褌薪褨褌懈,1.80
褉芯蟹褖械锌谢褞胁邪褌懈,1.80
褌谢褍屑邪褔懈褌懈褋褟,1.80
褌褉芯褖懈褌懈,1.80
褍胁邪卸邪褌懈,1.80
褍褌胁械褉写卸褍胁邪褌懈,1.80
胁懈薪邪泄屑邪褌懈,1.79
胁懈褉芯褖褍胁邪褌懈褋褟,1.79
谐邪屑褋械谢懈褌懈,1.79
谐邪褉屑芯薪褨蟹褍胁邪褌懈,1.79
写械斜邪褌褍胁邪褌懈,1.79
写芯卸懈胁邪褌懈,1.79
写芯褉褍褔邪褌懈,1.79
蟹邪锌邪褋邪褌懈,1.79
蟹邪锌褉褟谐邪褌懈,1.79
薪邪胁芯写懈褌懈褋褟,1.79
薪邪谐芯谢芯褕褍胁邪褌懈,1.79
芯斜覒褉褍薪褌芯胁褍胁邪褌懈,1.79
锌械褉械胁褨褉褟褌懈褋褟,1.79
锌褨写锌邪写邪褌懈,1.79
锌褨写锌褍褋泻邪褌懈,1.79
褋褌懈褉邪褌懈,1.79
褌褉邪薪褋锌芯褉褌褍胁邪褌懈褋褟,1.79
褎芯泻褍褋褍胁邪褌懈褋褟,1.79
褨薪褌械薪褋懈褎褨泻褍胁邪褌懈,1.79
邪斜褋褌褉邪谐褍胁邪褌懈褋褟,1.78
胁懈胁邪薪褌邪卸褍胁邪褌懈,1.78
胁懈泻褍锌邪褌懈,1.78
谐薪褨蟹写懈褌懈褋褟,1.78
谐褍谐谢懈褌懈,1.78
泻芯屑锌谢械泻褋褍胁邪褌懈,1.78
谢褍锌懈褌懈,1.78
芯斜褋褌芯褞胁邪褌懈,1.78
锌械褉械写斜邪褔褍胁邪褌懈,1.78
锌械褉械锌褉邪胁谢褟褌懈,1.78
锌芯薪芯胁谢褞胁邪褌懈,1.78
锌褉懈泻谢懈泻邪褌懈,1.78
锌褉懈谢褟谐邪褌懈,1.78
锌褨写泻芯褉褟褌懈,1.78
褉械胁褨褌懈,1.78
褋泻谢懈泻邪褌懈褋褟,1.78
褍褋褌邪薪芯胁谢褞胁邪褌懈,1.78
卸械斜褉邪褌懈,1.77
蟹邪锌芯胁褨写邪褌懈,1.77
蟹谐邪写褍胁邪褌懈褋褟,1.77
泻邪褌邪锌褍谢褜褌褍胁邪褌懈褋褟,1.77
薪邪褋褌芯褞胁邪褌懈,1.77
薪邪褏懈谢褟褌懈褋褟,1.77
芯褋械谢褟褌懈褋褟,1.77
芯褏芯谢芯写卸褍胁邪褌懈褋褟,1.77
锌械褉械褋褌邪胁谢褟褌懈,1.77
锌褉懈胁褔邪褌懈,1.77
锌褨写褋谢褍褏芯胁褍胁邪褌懈,1.77
褉芯蟹胁褨褞胁邪褌懈,1.77
褉芯蟹屑械卸芯胁褍胁邪褌懈,1.77
褋锌邪谢邪褏褍胁邪褌懈,1.77
褏邪屑懈褌懈,1.77
褕邪褏褉邪褞胁邪褌懈,1.77
褕懈褎褉褍胁邪褌懈,1.77
邪褉谐褍屑械薪褌褍胁邪褌懈,1.76
胁邪薪褌邪卸懈褌懈,1.76
胁懈泻芯褉褨薪褞胁邪褌懈,1.76
胁懈褉褍褔邪褌懈,1.76
胁褨褉褕褍胁邪褌懈,1.76
谐胁邪谢褌褍胁邪褌懈,1.76
写械泻谢邪屑褍胁邪褌懈,1.76
写懈褋泻胁邪谢褨褎褨泻褍胁邪褌懈,1.76
写芯褋褌邪胁谢褟褌懈褋褟,1.76
蟹屑褨褖褍胁邪褌懈,1.76
泄褌懈褋褟,1.76
泻谢褟褋褌懈,1.76
芯褋锌褨胁褍胁邪褌懈,1.76
锌械褉械胁芯蟹懈褌懈褋褟,1.76
锌械褉械锌褉邪胁谢褟褌懈褋褟,1.76
锌械褉械褋邪写卸褍胁邪褌懈,1.76
锌谢褨褌泻褍胁邪褌懈,1.76
锌褉懈谐邪写褍胁邪褌懈,1.76
锌褉懈谢懈锌邪褌懈,1.76
锌褉懈褋褨写邪褌懈,1.76
褉械锌械褌褍胁邪褌懈,1.76
褉芯蟹谢懈胁邪褌懈,1.76
褋锌芯褉懈褌懈,1.76
褋褌褍写懈褌懈,1.76
褍锌芯褉褟写泻芯胁褍胁邪褌懈,1.76
胁懈胁褨褕褍胁邪褌懈,1.75
胁锌懈褋褍胁邪褌懈褋褟,1.75
胁褨写褔褍卸褍胁邪褌懈,1.75
谐芯泄写邪褌懈,1.75
写芯蟹褉褨胁邪褌懈,1.75
写芯褋谢褨写卸褍胁邪褌懈褋褟,1.75
械泻褋锌芯薪褍胁邪褌懈,1.75
蟹邪谐谢懈斜谢褞胁邪褌懈褋褟,1.75
蟹邪谐芯褋褌褉褞胁邪褌懈褋褟,1.75
蟹邪谢邪谐芯写卸褍胁邪褌懈,1.75
蟹邪薪芯褋懈褌懈,1.75
泻芯褉褔懈褌懈,1.75
薪邪锌懈褏邪褌懈,1.75
芯斜褋褌械卸褍胁邪褌懈,1.75
芯斜褔懈褋谢褞胁邪褌懈褋褟,1.75
芯褔懈褖褍胁邪褌懈,1.75
锌械褉械胁邪薪褌邪卸褍胁邪褌懈,1.75
锌械褉械褋懈褏邪褌懈,1.75
锌褉芯屑懈胁邪褌懈,1.75
锌褏邪褌懈褋褟,1.75
褉褨胁薪褟褌懈褋褟,1.75
褋褌邪卸褍胁邪褌懈褋褟,1.75
褋褏懈谢褟褌懈,1.75
谐薪褍褌懈褋褟,1.74
蟹邪写褨褞胁邪褌懈,1.74
泻芯褉械泻褌褍胁邪褌懈,1.74
谢邪胁褨褉褍胁邪褌懈,1.74
锌褨写褋谢褍褏邪褌懈,1.74
褉芯蟹胁邪谢褞胁邪褌懈褋褟,1.74
褉芯蟹锌邪泻芯胁褍胁邪褌懈,1.74
褨薪褌褉懈谐褍胁邪褌懈,1.74
胁懈锌懈褋褍胁邪褌懈褋褟,1.73
胁褨写锌谢懈胁邪褌懈,1.73
谢械褋褌懈褌懈,1.73
屑褍褋懈褌懈,1.73
芯斜谢褨褌邪褌懈,1.73
锌芯写褍屑褍胁邪褌懈,1.73
锌褉懈褋谢褍谐芯胁褍胁邪褌懈,1.73
褉械锌褉械褋褍胁邪褌懈,1.73
褍锌邪写邪褌懈,1.73
褑械薪蟹褍褉褍胁邪褌懈,1.73
胁懈屑芯胁谢褟褌懈褋褟,1.72
写械屑芯薪褋褌褉褍胁邪褌懈褋褟,1.72
写褉褟锌邪褌懈,1.72
蟹邪褋褌械谢褟褌懈,1.72
泻芯薪褎褨褋泻芯胁褍胁邪褌懈,1.72
泻芯褔褍胁邪褌懈,1.72
谢褨写懈褉褍胁邪褌懈,1.72
薪邪胁褨写褍胁邪褌懈褋褟,1.72
芯卸懈胁邪褌懈,1.72
芯锌芯胁褨写邪褌懈,1.72
锌械褉械蟹邪胁邪薪褌邪卸褍胁邪褌懈,1.72
锌芯卸懈褉邪褌懈,1.72
锌褉懈薪懈卸褍胁邪褌懈褋褟,1.72
锌褉懈褋懈锌谢褟褌懈,1.72
锌褉芯谢褟谐邪褌懈,1.72
锌褉芯褔褨褋褍胁邪褌懈,1.72
锌褨写胁褨褕褍胁邪褌懈,1.72
褉芯蟹屑褨薪褞胁邪褌懈,1.72
褉褍褋懈褎褨泻褍胁邪褌懈,1.72
褌芯锌懈褌懈褋褟,1.72
褍褋泻谢邪写薪褞胁邪褌懈褋褟,1.72
褞蟹邪褌懈,1.72
褨写械邪谢褨蟹褍胁邪褌懈,1.72
胁械褕褌邪褌懈褋褟,1.71
胁懈谢褍褔邪褌懈褋褟,1.71
胁懈褋胁褟褔褍胁邪褌懈,1.71
胁懈褕褍泻褍胁邪褌懈,1.71
胁褋懈锌邪褌懈,1.71
写芯锌褉邪胁谢褟褌懈,1.71
泻芯谢褟写褍胁邪褌懈,1.71
芯斜谢邪写薪褍胁邪褌懈,1.71
芯蟹斜褉芯褞胁邪褌懈褋褟,1.71
芯褉褨褦薪褌褍胁邪褌懈,1.71
锌械褉械胁褌芯屑谢褞胁邪褌懈褋褟,1.71
锌械褉械褉芯褋褌邪褌懈,1.71
锌芯蟹写芯褉芯胁谢褟褌懈,1.71
锌芯褋褌邪褔邪褌懈褋褟,1.71
锌芯褌械褉锌邪褌懈,1.71
锌褉芯谐褍谢褞胁邪褌懈褋褟,1.71
锌褉芯谢褨褌邪褌懈,1.71
褉械谐谢邪屑械薪褌褍胁邪褌懈,1.71
褉芯蟹斜褨谐邪褌懈褋褟,1.71
褉芯蟹泻芯锌褍胁邪褌懈,1.71
褎芯泻褍褋褍胁邪褌懈,1.71
胁懈褋褨胁邪褌懈,1.70
胁褌褟谐褍胁邪褌懈褋褟,1.70
胁褨写谢懈胁邪褌懈,1.70
谐褉懈屑邪褌懈,1.70
蟹邪锌褨泻邪褌懈,1.70
蟹邪褋胁褨写褔褍胁邪褌懈,1.70
蟹斜褍胁邪褌懈,1.70
泻邪泻邪褌懈,1.70
谢褨褑械薪蟹褍胁邪褌懈,1.70
屑邪褌懈褋褟,1.70
薪邪胁械褉褌邪褌懈,1.70
薪邪泻懈写邪褌懈褋褟,1.70
薪邪锌褉邪胁谢褟褌懈褋褟,1.70
芯褋屑懈褋谢褞胁邪褌懈,1.70
芯褎芯褉屑谢褞胁邪褌懈,1.70
锌械褉械谢懈胁邪褌懈,1.70
锌械褉械褉芯蟹锌芯写褨谢褟褌懈,1.70
锌褉懈蟹褍锌懈薪褟褌懈,1.70
锌褉芯谐谢褟写邪褌懈,1.70
锌褉芯褋芯褔褍胁邪褌懈褋褟,1.70
褉芯蟹胁邪薪褌邪卸褍胁邪褌懈,1.70
褉芯蟹褋褨褞胁邪褌懈褋褟,1.70
褋胁懈褋褌邪褌懈,1.70
褎芯褌泻邪褌懈,1.70
褨薪褌械褉锌褉械褌褍胁邪褌懈褋褟,1.70
胁懈褌褨褋薪褟褌懈褋褟,1.69
胁芯谢芯褔懈褌懈褋褟,1.69
胁褉褍褔邪褌懈褋褟,1.69
胁褌褉邪褔邪褌懈褋褟,1.69
写械褎芯褉屑褍胁邪褌懈,1.69
写懈褉懈谐褍胁邪褌懈,1.69
卸械斜褉邪泻褍胁邪褌懈,1.69
蟹斜谢懈卸褍胁邪褌懈,1.69
泻芯谢褍锌邪褌懈褋褟,1.69
薪邪褋懈褔褍胁邪褌懈,1.69
芯胁芯谢芯写褨胁邪褌懈,1.69
芯褋胁芯褞胁邪褌懈褋褟,1.69
锌械褉械写斜邪褔邪褌懈褋褟,1.69
锌械褉械泻懈写邪褌懈褋褟,1.69
锌械褉械泻褉懈胁邪褌懈褋褟,1.69
锌芯胁'褟蟹褍胁邪褌懈褋褟,1.69
锌芯薪械胁褨褉褟褌懈褋褟,1.69
锌芯褋械谢褟褌懈褋褟,1.69
锌褉懈写斜邪胁邪褌懈,1.69
锌褉懈褔邪褖邪褌懈褋褟,1.69
锌褉芯泻邪褔褍胁邪褌懈,1.69
锌褨写胁芯蟹懈褌懈,1.69
褉懈屑褍胁邪褌懈,1.69
褉芯蟹斜褍写芯胁褍胁邪褌懈褋褟,1.69
褉芯蟹锌褉邪胁谢褟褌懈褋褟,1.69
褎邪谢褜褋懈褎褨泻褍胁邪褌懈,1.69
褔械褉谐褍胁邪褌懈褋褟,1.69
蟹芯褋褌邪胁邪褌懈褋褟,1.68
胁懈屑懈褉邪褌懈,1.67
胁懈芯泻褉械屑谢褞胁邪褌懈,1.67
胁懈褏芯胁褍胁邪褌懈褋褟,1.67
胁芯褋泻褉械褕邪褌懈,1.67
胁褋屑芯泻褌褍胁邪褌懈,1.67
谐褍褉褌褍胁邪褌懈褋褟,1.67
蟹邪写芯胁褨谢褜薪褟褌懈,1.67
蟹邪屑褨褖褍胁邪褌懈,1.67
蟹屑邪褖褍胁邪褌懈,1.67
泻褉芯泻褍胁邪褌懈,1.67
薪邪泻谢邪写邪褌懈褋褟,1.67
薪邪谢懈胁邪褌懈,1.67
锌械褉械泻谢邪写邪褌懈褋褟,1.67
锌械褉械锌褉芯褎褨谢褞胁邪褌懈,1.67
锌芯泻褉邪褖褍胁邪褌懈褋褟,1.67
锌褉芯锌邪写邪褌懈,1.67
褌懈褑褟褌懈,1.67
斜谢懈褖邪褌懈,1.66
斜芯褉芯薪懈褌懈褋褟,1.66
斜褉懈褌懈,1.66
胁懈褋薪邪卸褍胁邪褌懈,1.66
胁褨写谢褍褔邪褌懈褋褟,1.66
胁褨薪褔邪褌懈,1.66
写械谐褉邪写褍胁邪褌懈,1.66
蟹胁邪褉褞胁邪褌懈,1.66
泻芯褩褌懈,1.66
泻褉懈褕褍胁邪褌懈,1.66
薪邪谐芯褉芯写卸褍胁邪褌懈褋褟,1.66
薪邪锌芯胁薪褞胁邪褌懈褋褟,1.66
芯褋胁褟褔褍胁邪褌懈,1.66
芯褌芯褌芯卸薪褞胁邪褌懈褋褟,1.66
锌邪褉懈褉褍胁邪褌懈,1.66
锌邪褋褌懈褋褟,1.66
锌芯屑褨褖邪褌懈褋褟,1.66
褉芯蟹褉懈胁邪褌懈褋褟,1.66
褌械谢械锌芯褉褌褍胁邪褌懈褋褟,1.66
褌褉芯谢懈褌懈,1.66
褌褟谐邪褌懈褋褟,1.66
胁懈胁褨谢褜薪褟褌懈,1.65
胁懈褉邪褏芯胁褍胁邪褌懈,1.65
胁懈褋芯胁褍胁邪褌懈,1.65
谐褉褨褌懈褋褟,1.65
谐褨锌薪芯褌懈蟹褍胁邪褌懈,1.65
写屑褍褏邪褌懈,1.65
写芯胁芯写懈褌懈褋褟,1.65
写芯谢褍褔邪褌懈,1.65
蟹'褩卸写卸邪褌懈褋褟,1.65
蟹邪斜邪胁谢褟褌懈,1.65
蟹邪屑邪薪褞胁邪褌懈,1.65
蟹邪锌芯胁薪褟褌懈,1.65
蟹斜邪谐邪褔褍胁邪褌懈褋褟,1.65
蟹屑褨褑薪褞胁邪褌懈褋褟,1.65
泻芯褉芯薪褍胁邪褌懈,1.65
泻褉械褋谢懈褌懈,1.65
薪邪泄屑邪褌懈褋褟,1.65
锌械褉械褌褟谐褍胁邪褌懈,1.65
锌褉懈褋胁芯褞胁邪褌懈褋褟,1.65
锌褉芯褋褌芯褞胁邪褌懈,1.65
褋锌芯褉褟写卸邪褌懈,1.65
褋锌褨胁胁褨写薪芯褋懈褌懈,1.65
褋褌褟谐褍胁邪褌懈褋褟,1.65
胁懈屑芯谢褞胁邪褌懈,1.64
胁芯写懈褌懈褋褟,1.64
薪邪褩卸写卸邪褌懈,1.64
邪屑薪褨褋褌褍胁邪褌懈,1.63
邪锌褉芯泻褋懈屑褍胁邪褌懈,1.63
胁懈锌谢邪褔褍胁邪褌懈褋褟,1.63
胁懈褋褌褉懈斜褍胁邪褌懈,1.63
胁懈褏胁邪谢褟褌懈,1.63
胁褉褨蟹邪褌懈褋褟,1.63
胁褨写谐褍泻褍胁邪褌懈褋褟,1.63
胁褨写褋褌褉褨谢褞胁邪褌懈褋褟,1.63
谐邪褉褍胁邪褌懈,1.63
写褉械泄褎褍胁邪褌懈,1.63
写褍褉褨褌懈,1.63
写褨褋褌邪胁邪褌懈褋褟,1.63
蟹邪蟹薪邪褔邪褌懈褋褟,1.63
蟹褍屑芯胁谢褞胁邪褌懈,1.63
泻芯屑斜褨薪褍胁邪褌懈褋褟,1.63
薪邪薪芯褋懈褌懈褋褟,1.63
锌械褉械芯写褟谐邪褌懈,1.63
锌褉懈泻褉褨锌谢褞胁邪褌懈,1.63
锌褉懈屑懈泻邪褌懈,1.63
锌褉懈褌懈褋泻邪褌懈,1.63
锌褨写褨谐褉褨胁邪褌懈,1.63
褉芯蟹褕懈褉褟褌懈,1.63
褋褏芯锌谢褞胁邪褌懈,1.63
褌褍锌懈褌懈,1.63
褌褍褋懈褌懈,1.63
褌褨褋薪懈褌懈,1.63
褍泻褉邪褩薪褨蟹褍胁邪褌懈,1.63
褨屑屑褨谐褉褍胁邪褌懈,1.63
褨薪写械泻褋褍胁邪褌懈,1.63
褨薪褋褑械薪褍胁邪褌懈,1.63
胁械褉懈褎褨泻褍胁邪褌懈,1.62
胁褨写写懈褉邪褌懈,1.62
胁褨写褉芯褖褍胁邪褌懈,1.62
谐褍斜懈褌懈,1.62
写械蟹芯褉褨褦薪褌褍胁邪褌懈,1.62
蟹邪泻邪褔褍胁邪褌懈,1.62
蟹邪褋薪芯胁褍胁邪褌懈褋褟,1.62
蟹谐谢邪写卸褍胁邪褌懈,1.62
谢芯泻邪谢褨蟹褍胁邪褌懈褋褟,1.62
屑褍褌褍胁邪褌懈,1.62
屑褨褕邪褌懈褋褟,1.62
薪邪斜谢懈卸邪褌懈,1.62
薪邪胁邪薪褌邪卸褍胁邪褌懈,1.62
芯斜写褍屑褍胁邪褌懈,1.62
芯斜锌褉懈褋泻褍胁邪褌懈,1.62
锌褉懈褉褨泻邪褌懈,1.62
锌褍褋褌褍胁邪褌懈,1.62
锌褨写卸懈胁谢褞胁邪褌懈,1.62
褉芯蟹屑褨褖邪褌懈褋褟,1.62
褉芯蟹褨谐褉褍胁邪褌懈褋褟,1.62
褌械褉械胁械薪懈褌懈,1.62
褏芯褉芯薪懈褌懈,1.62
锌械褉械蟹薪褨屑邪褌懈,1.61
锌械褉械褌懈褉邪褌懈,1.61
锌褨写泻褉邪写邪褌懈褋褟,1.61
邪褎褨褕褍胁邪褌懈,1.60
胁懈谐芯写芯胁褍胁邪褌懈,1.60
胁懈屑邪薪褞胁邪褌懈,1.60
胁懈褋芯胁褍胁邪褌懈褋褟,1.60
胁锌懈褋褍胁邪褌懈,1.60
胁褨写泻谢邪写邪褌懈褋褟,1.60
械屑褍谢褞胁邪褌懈,1.60
蟹邪薪褍褉褞胁邪褌懈,1.60
蟹薪懈褖褍胁邪褌懈褋褟,1.60
泻芯褕屑邪褉懈褌懈,1.60
谢械谐邪谢褨蟹褍胁邪褌懈褋褟,1.60
薪邪褉邪褏芯胁褍胁邪褌懈褋褟,1.60
芯褏芯褉芯薪褟褌懈褋褟,1.60
锌械褉械褌褨泻邪褌懈,1.60
锌芯胁褋褌邪胁邪褌懈,1.60
锌褉懈谐芯褖邪褌懈,1.60
锌褉芯斜褨谐邪褌懈,1.60
锌褉芯褋褨写邪褌懈,1.60
锌褨写泻懈写邪褌懈,1.60
锌褨写褋褌褉懈斜褍胁邪褌懈,1.60
褉械褨薪褌械谐褉褍胁邪褌懈,1.60
褉芯蟹锌褉芯写邪胁邪褌懈,1.60
褋芯谢懈褌懈,1.60
褋褌邪斜褨谢褨蟹褍胁邪褌懈褋褟,1.60
褌芯褔懈褌懈,1.60
褍褉邪褏芯胁褍胁邪褌懈,1.60
褨褉卸邪胁褨褌懈,1.60
邪泻褌懈胁褍胁邪褌懈褋褟,1.59
斜谢褍写懈褌懈,1.59
斜褉懈泻邪褌懈褋褟,1.59
胁懈褌褉褨褖邪褌懈褋褟,1.59
谐褉褍锌褍胁邪褌懈褋褟,1.59
写械屑芯泻褉邪褌懈蟹褍胁邪褌懈,1.59
蟹芯屑斜褍胁邪褌懈,1.59
泻谢褨锌邪褌懈,1.59
薪邪胁'褟蟹褍胁邪褌懈褋褟,1.59
芯锌懈褋褍胁邪褌懈褋褟,1.59
锌械褉械锌褉芯褕褍胁邪褌懈,1.59
褉芯蟹褋褌褨斜邪褌懈,1.59
褋泻褍褔邪褌懈,1.59
胁懈褋褌械卸褍胁邪褌懈,1.58
胁褉械谐褍谢褜芯胁褍胁邪褌懈,1.58
胁褨褌邪褌懈褋褟,1.58
谐芯褋锌褨褌邪谢褨蟹褍胁邪褌懈,1.58
写械褌邪谢褨蟹褍胁邪褌懈,1.58
蟹邪褔邪褉芯胁褍胁邪褌懈,1.58
泻邪薪芯薪褨蟹褍胁邪褌懈,1.58
泻芯薪写械薪褋褍胁邪褌懈褋褟,1.58
谢邪褋褍胁邪褌懈,1.58
薪邪谢邪褕褌芯胁褍胁邪褌懈褋褟,1.58
锌褨写褌褟谐褍胁邪褌懈,1.58
褋泻懈写邪褌懈褋褟,1.58
褋褌械褉懈谢褨蟹褍胁邪褌懈,1.58
褋褍斜褋懈写褍胁邪褌懈,1.58
褋褏褉械褖褍胁邪褌懈,1.58
褕懈褉懈褌懈,1.58
斜谢芯泻褍胁邪褌懈褋褟,1.57
胁懈写芯蟹屑褨薪褞胁邪褌懈褋褟,1.57
胁懈褉褨蟹薪褟褌懈,1.57
写械邪泻褌懈胁褍胁邪褌懈,1.57
写械泻芯写褍胁邪褌懈,1.57
写芯蟹褍胁邪褌懈,1.57
蟹邪斜褍写芯胁褍胁邪褌懈褋褟,1.57
蟹邪锌谢褨褌邪褌懈,1.57
蟹谐褉褨斜邪褌懈,1.57
蟹褉褨泻邪褌懈褋褟,1.57
泻谢褟褋褌懈褋褟,1.57
泻薪褟蟹褞胁邪褌懈,1.57
泻芯薪褋械褉胁褍胁邪褌懈,1.57
谢邪褕褌褍胁邪褌懈,1.57
屑芯薪褌褍胁邪褌懈褋褟,1.57
锌械褉械斜褍写芯胁褍胁邪褌懈褋褟,1.57
锌芯谐邪褕邪褌懈,1.57
锌褉懈胁芯写懈褌懈褋褟,1.57
锌褉懈谐芯谢芯屑褕褍胁邪褌懈,1.57
锌褉芯斜褍写卸褍胁邪褌懈,1.57
锌褉芯褋褌褟谐邪褌懈褋褟,1.57
褉芯蟹芯褉褟褌懈,1.57
褉芯蟹褔褨褋褍胁邪褌懈,1.57
褋懈薪褌械蟹褍胁邪褌懈褋褟,1.57
褋泻邪褔褍胁邪褌懈,1.57
褋谢邪斜薪褍褌懈,1.57
褋芯褏薪褍褌懈,1.57
褍锌邪泻芯胁褍胁邪褌懈,1.57
褍褌懈褋泻邪褌懈,1.57
褍褏芯写懈褌懈,1.57
褎械褏褌褍胁邪褌懈,1.57
锌芯谐谢邪写卸褍胁邪褌懈,1.56
褉芯褩褌懈褋褟,1.56
邪泻褌懈胁褨蟹褍胁邪褌懈褋褟,1.55
邪褋懈屑褨谢褞胁邪褌懈褋褟,1.55
斜芯褉褋邪褌懈褋褟,1.55
胁褨写褌芯褔褍胁邪褌懈,1.55
胁褨写褌褟谐褍胁邪褌懈,1.55
写懈褎械褉械薪褑褨褞胁邪褌懈褋褟,1.55
蟹邪屑懈泻邪褌懈褋褟,1.55
蟹邪褌芯锌谢褞胁邪褌懈,1.55
泻褉懈褋褌邪谢褨蟹褍胁邪褌懈褋褟,1.55
薪邪谐褉芯屑邪写卸褍胁邪褌懈,1.55
薪邪写褋懈谢邪褌懈褋褟,1.55
芯斜卸懈胁邪褌懈,1.55
锌邪褉芯写褨褞胁邪褌懈,1.55
锌械褉械褉懈胁邪褌懈褋褟,1.55
锌谢邪泻邪褌懈褋褟,1.55
锌芯褋胁褟褔褍胁邪褌懈,1.55
锌褉懈胁'褟蟹褍胁邪褌懈褋褟,1.55
锌褉懈屑械薪褕褍胁邪褌懈,1.55
锌褉芯褉懈胁邪褌懈,1.55
锌褉芯褉褨蟹邪褌懈,1.55
锌褨写谢邪褕褌芯胁褍胁邪褌懈,1.55
锌褨写褉邪褏芯胁褍胁邪褌懈,1.55
褉芯蟹胁械褉褌邪褌懈,1.55
褉芯蟹褌懈褉邪褌懈,1.55
褉芯蟹褎邪褉斜芯胁褍胁邪褌懈,1.55
褋懈谐薪邪谢懈褌懈,1.55
褋懈薪褏褉芯薪褨蟹褍胁邪褌懈褋褟,1.55
褋泻芯褞胁邪褌懈,1.55
褋褍锌械褉薪懈褔邪褌懈,1.55
褌褉褨褍屑褎褍胁邪褌懈,1.55
褍谢芯胁谢褞胁邪褌懈,1.55
褏懈谢懈褌懈褋褟,1.55
褕邪薪褍胁邪褌懈褋褟,1.55
邪泻褉械写懈褌褍胁邪褌懈褋褟,1.54
胁邪谢褟褌懈,1.54
胁懈褋邪写卸褍胁邪褌懈褋褟,1.54
胁褨写褋褌芯褉芯薪褞胁邪褌懈,1.54
谐械薪械褉褍胁邪褌懈褋褟,1.54
蟹邪褉芯褋褌邪褌懈,1.54
谢褨薪褔褍胁邪褌懈,1.54
薪邪写芯泻褍褔邪褌懈,1.54
芯泻褍锌芯胁褍胁邪褌懈,1.54
锌褉懈泻褉褨锌谢褞胁邪褌懈褋褟,1.54
锌褉懈泻褉褨锌谢褟褌懈褋褟,1.54
锌褨写泻芯谢褞胁邪褌懈,1.54
胁懈褔褨泻褍胁邪褌懈,1.53
胁褨写谢褍褔邪褌懈,1.53
写械薪芯薪褋褍胁邪褌懈,1.53
写芯写械褉卸褍胁邪褌懈,1.53
写芯锌褍褋泻邪褌懈褋褟,1.53
写褉械褋懈褉褍胁邪褌懈,1.53
蟹邪谐芯褉褌邪褌懈,1.53
蟹邪屑邪谢褜芯胁褍胁邪褌懈,1.53
蟹邪褉邪褏芯胁褍胁邪褌懈褋褟,1.53
蟹邪褌褜屑邪褉褞胁邪褌懈,1.53
蟹邪褔懈褌褍胁邪褌懈,1.53
蟹谐芯写芯胁褍胁邪褌懈,1.53
蟹屑邪谢褜芯胁褍胁邪褌懈,1.53
泻芯薪褎褨谐褍褉褍胁邪褌懈,1.53
泻褍褕褌褍胁邪褌懈,1.53
屑褍褉褍胁邪褌懈,1.53
芯斜褍屑芯胁谢褞胁邪褌懈,1.53
芯斜褨谐褉邪胁邪褌懈,1.53
芯蟹写芯斜谢褞胁邪褌懈,1.53
锌械褉械谐谢褟写邪褌懈褋褟,1.53
锌械褉械锌谢懈胁邪褌懈,1.53
锌械褉械褋褨写邪褌懈,1.53
锌谢邪胁懈褌懈褋褟,1.53
锌褉懈写懈胁谢褟褌懈褋褟,1.53
锌褉懈锌懈薪褟褌懈褋褟,1.53
锌褉芯胁芯蟹懈褌懈,1.53
褉芯蟹写褉褍泻芯胁褍胁邪褌懈,1.53
褋锌械泻褍谢褞胁邪褌懈,1.53
褏懈褌邪褌懈褋褟,1.53
褖邪写懈褌懈,1.53
褨屑锌谢邪薪褌褍胁邪褌懈,1.53
胁斜褍写芯胁褍胁邪褌懈褋褟,1.52
胁芯谢芯薪褌械褉懈褌懈,1.52
胁锌邪褉褞胁邪褌懈,1.52
胁褨写泻懈写邪褌懈褋褟,1.52
写械褌械泻褌褍胁邪褌懈,1.52
泻懈褋薪褍褌懈,1.52
锌械褉械谢褨褌邪褌懈,1.52
锌械褉械芯斜懈褉邪褌懈褋褟,1.52
褉芯蟹褋械谢褟褌懈褋褟,1.52
褋邪锌邪褌懈,1.52
褋褌芯褉芯卸懈褌懈,1.52
褌芯褉锌械写褍胁邪褌懈,1.52
邪泻褌褍邪谢褨蟹褍胁邪褌懈,1.51
斜械褕泻械褌褍胁邪褌懈,1.51
胁谢懈胁邪褌懈褋褟,1.51
胁锌谢褍褌褍胁邪褌懈褋褟,1.51
胁褋褌邪胁谢褟褌懈褋褟,1.51
谐褍褉褌褍胁邪褌懈,1.51
蟹邪屑褨褉褟褌懈,1.51
蟹邪褋褨胁邪褌懈,1.51
蟹胁褍卸褍胁邪褌懈褋褟,1.51
蟹薪邪褔懈褌懈褋褟,1.51
泻芯屑褍薪褨泻褍胁邪褌懈,1.51
屑邪褉懈褌懈,1.51
屑褨薪褍胁邪褌懈,1.51
薪邪屑芯褌褍胁邪褌懈,1.51
芯斜褉芯褋褌邪褌懈,1.51
芯锌谢邪褔褍胁邪褌懈褋褟,1.51
锌械褉械胁芯写懈褌懈褋褟,1.51
锌芯斜芯褉褞胁邪褌懈,1.51
锌褉芯写褍屑褍胁邪褌懈,1.51
锌褨写褌胁械褉写卸褍胁邪褌懈褋褟,1.51
褉芯蟹屑邪谢褜芯胁褍胁邪褌懈,1.51
褉芯蟹锌谢褍褌褍胁邪褌懈,1.51
褉芯蟹锌芯褉芯褕褍胁邪褌懈,1.51
褋胁邪褌邪褌懈,1.51
褑褍褉邪褌懈褋褟,1.51
褑褨薪褍胁邪褌懈褋褟,1.51
褨屑锌谢械屑械薪褌褍胁邪褌懈,1.51
褨薪褋锌械泻褌褍胁邪褌懈,1.51
褨薪褋褌邪谢褞胁邪褌懈,1.51
写械蟹芯褉谐邪薪褨蟹褍胁邪褌懈,1.50
蟹邪褉懈胁邪褌懈褋褟,1.50
锌械褉械褔褨泻褍胁邪褌懈,1.50
褉芯蟹芯褉褞胁邪褌懈,1.50
褋褌褨泻邪褌懈褋褟,1.50
褌邪褉邪薪懈褌懈,1.50
褕懈褉褟褌懈,1.50
褦胁邪薪谐械谢褨蟹褍胁邪褌懈,1.50
褨芯薪褨蟹褍胁邪褌懈,1.50
邪斜褋芯褉斜褍胁邪褌懈,1.49
邪褉褏褨胁褍胁邪褌懈,1.49
斜邪蟹褍胁邪褌懈,1.49
斜械薪褌械卸懈褌懈,1.49
胁懈写芯蟹屑褨薪褞胁邪褌懈,1.49
胁懈谢懈胁邪褌懈褋褟,1.49
胁懈谢芯胁谢褞胁邪褌懈,1.49
胁懈薪邪谐芯褉芯写卸褍胁邪褌懈,1.49
胁褌懈褏芯屑懈褉褞胁邪褌懈,1.49
胁褨写芯斜褉邪卸褍胁邪褌懈,1.49
胁褨写褉芯褋褌邪褌懈,1.49
蟹邪锌谢懈胁邪褌懈,1.49
泻芯褉褔褍胁邪褌懈,1.49
屑芯斜褨谢褨蟹褍胁邪褌懈褋褟,1.49
薪邪谐薪褨褌邪褌懈,1.49
芯斜屑褨褉泻芯胁褍胁邪褌懈,1.49
芯蟹薪邪泄芯屑谢褞胁邪褌懈褋褟,1.49
芯锌邪谢褞胁邪褌懈,1.49
锌械褉械屑邪薪褞胁邪褌懈,1.49
锌械褉械褉芯斜谢褟褌懈褋褟,1.49
锌褉懈褉褨胁薪褞胁邪褌懈,1.49
锌褉芯胁邪谢褞胁邪褌懈褋褟,1.49
锌褉芯褉邪褏芯胁褍胁邪褌懈,1.49
锌褉芯褉芯斜谢褟褌懈,1.49
锌褨写斜懈胁邪褌懈,1.49
锌褨写褋锌褨胁褍胁邪褌懈,1.49
锌褨写褌褟谐褍胁邪褌懈褋褟,1.49
褉械褌褉邪薪褋谢褞胁邪褌懈,1.49
褉芯蟹胁'褟蟹褍胁邪褌懈褋褟,1.49
褉芯蟹泻胁褨褌邪褌懈,1.49
褉芯蟹泻芯谢褞胁邪褌懈,1.49
褋械谢懈褌懈,1.49
褋锌褨胁胁褨写薪芯褋懈褌懈褋褟,1.49
褋褌褉褨谢褟褌懈褋褟,1.49
褋褨泻褌懈,1.49
褌褉褨褋泻邪褌懈褋褟,1.49
褌褟卸褨褌懈,1.49
褍褉褨蟹薪芯屑邪薪褨褌薪褞胁邪褌懈,1.49
褎褨谢褜屑褍胁邪褌懈,1.49
褏邪蟹褟泄薪褍胁邪褌懈,1.49
褨谐薪芯褉褍胁邪褌懈褋褟,1.49
胁懈褋褌褉褨谢褞胁邪褌懈,1.48
胁褋械谢褟褌懈褋褟,1.48
胁褌懈泻邪褌懈,1.48
写械斜谢芯泻褍胁邪褌懈,1.48
蟹褋褍胁邪褌懈褋褟,1.48
泻邪褌邪谢褨蟹褍胁邪褌懈,1.48
泻芯屑锌褨谢褞胁邪褌懈,1.48
泻芯褉械谢褞胁邪褌懈,1.48
谢邪锌邪褌懈,1.48
屑芯写褍谢褞胁邪褌懈,1.48
薪褨胁械褔懈褌懈,1.48
锌械褉械胁懈写邪胁邪褌懈,1.48
锌械褉械屑懈胁邪褌懈,1.48
锌褉懈泻褉邪褕邪褌懈褋褟,1.48
锌褉芯褌懈褋褌邪胁谢褟褌懈褋褟,1.48
褉邪写懈泻邪谢褨蟹褍胁邪褌懈,1.48
褉械写褍泻褍胁邪褌懈,1.48
邪写褋芯褉斜褍胁邪褌懈,1.47
胁懈褉褨蟹薪褟褌懈褋褟,1.47
胁懈褔褨褋褍胁邪褌懈,1.47
胁谢褍褔邪褌懈,1.47
胁屑懈泻邪褌懈褋褟,1.47
胁芯谢芯褔懈褌懈,1.47
胁褨写胁邪薪褌邪卸褍胁邪褌懈,1.47
蟹邪胁械褉褕褍胁邪褌懈褋褟,1.47
蟹邪褌褍谢褟褌懈,1.47
蟹邪褍褔褍胁邪褌懈,1.47
蟹斜褍胁邪褌懈褋褟,1.47
蟹胁褍卸褍胁邪褌懈,1.47
蟹谐褍褉褌芯胁褍胁邪褌懈,1.47
蟹写褨泄屑邪褌懈褋褟,1.47
蟹褉芯褕褍胁邪褌懈,1.47
泻褉械写懈褌褍胁邪褌懈,1.47
泻褍褉懈褉褍胁邪褌懈,1.47
薪邪谐褉邪胁邪褌懈,1.47
薪邪褏懈谢褟褌懈,1.47
薪褍屑械褉褍胁邪褌懈,1.47
芯褉褍写褍胁邪褌懈,1.47
芯褌褉褍褞胁邪褌懈,1.47
锌邪褟褌懈,1.47
锌械褉械谐褉邪胁邪褌懈,1.47
锌芯谐谢懈薪邪褌懈褋褟,1.47
锌芯写褉邪蟹薪褞胁邪褌懈,1.47
锌芯褌褨褌懈,1.47
锌褉芯胁邪写懈褌懈褋褟,1.47
锌褨写褋褍屑芯胁褍胁邪褌懈,1.47
褉械蟹械褉胁褍胁邪褌懈,1.47
褉芯蟹泻褉褍褔褍胁邪褌懈,1.47
褋锌芯胁蟹邪褌懈,1.47
褌胁芯褉懈褌懈褋褟,1.47
褍泻褉褨锌谢褟褌懈,1.47
斜邪褉邪斜邪薪懈褌懈,1.46
胁屑褨褕褍胁邪褌懈褋褟,1.46
胁锌谢褍褌褍胁邪褌懈,1.46
胁褨写锌懈褋褍胁邪褌懈,1.46
谐邪蟹懈褎褨泻褍胁邪褌懈,1.46
写芯褋褌邪胁邪褌懈,1.46
蟹邪褉邪卸邪褌懈褋褟,1.46
泻邪谢邪屑褍褌懈褌懈,1.46
泻褉械邪褌懈胁懈褌懈,1.46
屑械卸褍胁邪褌懈,1.46
薪邪谐芯胁芯褉褞胁邪褌懈,1.46
锌褉芯锌谢懈胁邪褌懈,1.46
褍褉邪卸邪褌懈褋褟,1.46
褕邪谢械薪褨褌懈,1.46
胁懈谐褍泻褍胁邪褌懈,1.45
胁懈写褨褌懈,1.45
胁懈屑邪谐邪褌懈褋褟,1.45
胁懈薪芯褋懈褌懈褋褟,1.45
胁褋屑芯泻褌褍胁邪褌懈褋褟,1.45
胁褨写胁芯写懈褌懈褋褟,1.45
胁褨写写邪谢褟褌懈,1.45
胁褨写写蟹械褉泻邪谢褞胁邪褌懈,1.45
胁褨写屑械卸芯胁褍胁邪褌懈,1.45
胁褨薪褔邪褌懈褋褟,1.45
谐芯褋褌褞胁邪褌懈,1.45
写械蟹褨薪褎褨泻褍胁邪褌懈,1.45
写芯锌褉邪褑褜芯胁褍胁邪褌懈,1.45
卸芯薪谐谢褞胁邪褌懈,1.45
卸褍褉懈褌懈褋褟,1.45
蟹邪泻谢邪写邪褌懈褋褟,1.45
蟹邪泻芯胁褌褍胁邪褌懈,1.45
蟹邪泻褉褍褔褍胁邪褌懈,1.45
蟹邪锌懈胁邪褌懈,1.45
蟹邪锌褉邪胁谢褟褌懈褋褟,1.45
蟹邪褋褌邪褉褨胁邪褌懈,1.45
蟹胁褨褉懈褌懈褋褟,1.45
薪邪胁褨写褍胁邪褌懈,1.45
薪邪锌褉褍卸褍胁邪褌懈,1.45
薪邪褋褌邪胁邪褌懈,1.45
薪械褋褌懈褋褟,1.45
芯锌懈薪褟褌懈褋褟,1.45
芯褎芯褉屑谢褟褌懈褋褟,1.45
锌械褉械斜芯褉褞胁邪褌懈,1.45
锌械褉械锌谢褨褌邪褌懈褋褟,1.45
锌械褉械褋谢褨写褍胁邪褌懈褋褟,1.45
锌褉芯泻芯谢褞胁邪褌懈,1.45
锌褉芯褌懈褉邪褌懈,1.45
锌褨写斜懈褉邪褌懈褋褟,1.45
锌褨写褋懈谢褞胁邪褌懈褋褟,1.45
褉械胁褌懈,1.45
褉械芯褉谐邪薪褨蟹芯胁褍胁邪褌懈,1.45
褉芯蟹'褦写薪褍胁邪褌懈,1.45
褉芯蟹锌芯褔懈薪邪褌懈褋褟,1.45
褉芯蟹褔邪褉芯胁褍胁邪褌懈褋褟,1.45
褋泻邪薪写褍胁邪褌懈,1.45
褋褌褉褍褕褍胁邪褌懈,1.45
褌懈褉邪卸褍胁邪褌懈,1.45
褍写邪褉褟褌懈,1.45
褎邪褉斜褍胁邪褌懈褋褟,1.45
锌褉芯写邪胁谢褞胁邪褌懈,1.44
褋褍薪褍褌懈褋褟,1.44
胁械谢褨褌懈,1.43
械泻褋锌芯褉褌褍胁邪褌懈褋褟,1.43
蟹写懈褏邪褌懈,1.43
锌褉芯写褞褋褍胁邪褌懈,1.43
褉芯蟹褉芯斜谢褞胁邪褌懈,1.43
斜褍泻褋褍胁邪褌懈,1.42
胁写邪褉褟褌懈,1.42
胁械褉褌褨褌懈,1.42
胁懈谢褨泻芯胁褍胁邪褌懈,1.42
胁懈褉褨蟹褍胁邪褌懈,1.42
胁谢懈胁邪褌懈,1.42
胁褋懈薪芯胁谢褞胁邪褌懈,1.42
胁褨写屑懈褉邪褌懈,1.42
胁褨写褉褟写卸邪褌懈,1.42
胁褨褉褍胁邪褌懈,1.42
谐芯褉褌邪褌懈,1.42
写械屑褨谢褨褌邪褉懈蟹褍胁邪褌懈,1.42
写懈褋泻褉懈屑褨薪褍胁邪褌懈,1.42
蟹邪谐芯褌芯胁谢褞胁邪褌懈,1.42
蟹邪锌褉芯胁邪写卸褍胁邪褌懈褋褟,1.42
蟹邪褋褌褍锌邪褌懈褋褟,1.42
蟹胁懈褋邪褌懈,1.42
蟹屑芯褔褍胁邪褌懈,1.42
泻芯芯褉写懈薪褍胁邪褌懈褋褟,1.42
屑褨褋懈褌懈,1.42
薪械锌芯泻芯褩褌懈,1.42
芯谐懈薪邪褌懈,1.42
芯锌芯写邪褌泻芯胁褍胁邪褌懈,1.42
锌械褉械褉芯斜谢褞胁邪褌懈,1.42
锌褉械胁邪谢褞胁邪褌懈,1.42
锌褉芯械泻褌褍胁邪褌懈褋褟,1.42
锌褉芯褌械谐褍胁邪褌懈,1.42
褉邪薪卸褍胁邪褌懈,1.42
褉芯蟹胁芯蟹懈褌懈,1.42
褉芯蟹褌褨泻邪褌懈褋褟,1.42
褉芯蟹褖械锌谢褞胁邪褌懈褋褟,1.42
褋屑褨褌懈,1.42
褌械屑薪褨褌懈,1.42
褕褌邪屑锌褍胁邪褌懈,1.42
褟胁谢褟褌懈褋褟,1.42
邪泻芯屑锌邪薪褍胁邪褌懈,1.41
斜褍褉屑芯褌褨褌懈,1.41
胁懈泻懈写邪褌懈褋褟,1.41
蟹邪屑褨薪褟褌懈褋褟,1.41
泻邪褌械谐芯褉懈蟹褍胁邪褌懈,1.41
谢褞褌褍胁邪褌懈,1.41
锌械褉械蟹邪褉褟写卸邪褌懈,1.41
锌褉芯屑懈褕谢褟褌懈,1.41
锌褨写褋褌邪胁谢褟褌懈褋褟,1.41
褉芯蟹屑懈胁邪褌懈褋褟,1.41
褋懈胁褨褌懈,1.41
褋泻褉懈胁邪褌懈,1.41
褋褨锌邪褌懈褋褟,1.41
褨薪褨褑褨邪谢褨蟹褍胁邪褌懈,1.41
邪薪芯薪褋褍胁邪褌懈,1.40
斜谢懈屑邪褌懈,1.40
胁'褟薪褍褌懈,1.40
胁谐邪屑芯胁褍胁邪褌懈,1.40
胁械谢懈褔邪褌懈,1.40
胁懈锌褉邪胁谢褟褌懈褋褟,1.40
胁褋懈褏邪褌懈,1.40
胁褨写屑褨薪褞胁邪褌懈,1.40
胁褨写薪邪褏芯写懈褌懈,1.40
胁褨写锌邪写邪褌懈,1.40
谐谢褟写褨褌懈,1.40
写械蟹褨薪褎芯褉屑褍胁邪褌懈,1.40
械屑褨褌褍胁邪褌懈,1.40
蟹邪斜邪褉胁谢褞胁邪褌懈褋褟,1.40
蟹邪谢褨泻芯胁褍胁邪褌懈,1.40
蟹邪褋褌褍锌邪褌懈,1.40
蟹械谢械薪褨褌懈,1.40
蟹芯斜芯胁'褟蟹褍胁邪褌懈,1.40
泻芯薪褌褉邪褋褌褍胁邪褌懈,1.40
泻芯褉懈谐褍胁邪褌懈褋褟,1.40
屑懈谢褍胁邪褌懈,1.40
薪邪写懈褏邪褌懈褋褟,1.40
薪邪写褨胁邪褌懈,1.40
薪邪褋锌褨胁褍胁邪褌懈,1.40
芯斜屑懈胁邪褌懈,1.40
锌邪褋褍胁邪褌懈,1.40
锌芯写芯胁卸褍胁邪褌懈褋褟,1.40
锌芯谢芯褌懈,1.40
锌褉邪褋褍胁邪褌懈,1.40
锌褉懈胁薪芯褋懈褌懈,1.40
锌褉芯薪懈蟹褍胁邪褌懈,1.40
锌褉芯薪芯褋懈褌懈,1.40
锌褉芯褋胁褨褔褍胁邪褌懈,1.40
锌褉芯褋褌械卸褍胁邪褌懈,1.40
锌褨写屑褨褌邪褌懈,1.40
褉胁邪褌懈褋褟,1.40
褉芯蟹锌懈谢褟褌懈,1.40
褋泻芯胁褍胁邪褌懈,1.40
褋泻褉褍褔褍胁邪褌懈,1.40
褋褌懈褏邪褌懈,1.40
褌褨褕懈褌懈褋褟,1.40
胁懈谢褨蟹邪褌懈,1.39
胁懈锌谢邪胁谢褟褌懈,1.39
写械褋邪薪褌褍胁邪褌懈褋褟,1.39
蟹邪屑褨褖邪褌懈褋褟,1.39
泄屑械薪褍胁邪褌懈,1.39
泻芯写懈褎褨泻褍胁邪褌懈,1.39
泻褉邪锌邪褌懈,1.39
泻褍谢褜褌懈胁褍胁邪褌懈褋褟,1.39
薪邪褋械谢褟褌懈,1.39
锌邪褉褌懈蟹邪薪懈褌懈,1.39
锌褍褋褌芯褕懈褌懈,1.39
褉芯蟹胁褨写褍胁邪褌懈,1.39
褍褔懈褌械谢褞胁邪褌懈,1.39
褑懈胁褨谢褨蟹褍胁邪褌懈,1.39
邪谐褉械谐邪褌褍胁邪褌懈褋褟,1.37
邪谐褉械谐褍胁邪褌懈,1.37
邪泻谢褨屑邪褌懈蟹褍胁邪褌懈褋褟,1.37
邪薪褨屑褍胁邪褌懈,1.37
胁斜懈褉邪褌懈褋褟,1.37
胁懈谐懈薪邪褌懈褋褟,1.37
胁懈写邪胁谢褞胁邪褌懈,1.37
胁懈屑懈胁邪褌懈,1.37
胁懈锌芯胁蟹邪褌懈,1.37
胁谢邪写邪褉褞胁邪褌懈,1.37
胁芯褋泻褉械褋邪褌懈,1.37
胁褖褍褏邪褌懈,1.37
胁褨写胁械褉褌邪褌懈褋褟,1.37
胁褨写泻芯锌褍胁邪褌懈,1.37
谐邪褉邪薪褌褍胁邪褌懈褋褟,1.37
谐褍泻邪褌懈,1.37
写芯谐褉邪胁邪褌懈,1.37
写芯褉芯斜谢褟褌懈,1.37
械锌邪褌褍胁邪褌懈,1.37
蟹邪谐邪褉褌芯胁褍胁邪褌懈,1.37
蟹邪写懈褉邪褌懈,1.37
蟹邪褌懈褋泻邪褌懈,1.37
蟹斜褍写卸褍胁邪褌懈褋褟,1.37
蟹胁芯谢芯卸褍胁邪褌懈,1.37
蟹褉褍褕褍胁邪褌懈,1.37
蟹褑褨谢褞胁邪褌懈褋褟,1.37
泻褍褉褍胁邪褌懈,1.37
谢懈褌懈褋褟,1.37
谢褨斜械褉邪谢褨蟹褍胁邪褌懈,1.37
屑邪褉懈薪褍胁邪褌懈,1.37
屑邪褋褕褌邪斜褍胁邪褌懈褋褟,1.37
屑芯写械褉薪褨蟹褍胁邪褌懈褋褟,1.37
薪邪褌懈褉邪褌懈,1.37
芯谐芯褉芯写卸褍胁邪褌懈,1.37
芯泻褉械褋谢褞胁邪褌懈,1.37
锌械褉械芯褋屑懈褋谢褞胁邪褌懈,1.37
锌褉懈褉褍褔邪褌懈,1.37
褋胁褟褌泻褍胁邪褌懈褋褟,1.37
褋泻褉褍褔褍胁邪褌懈褋褟,1.37
褋泻褉褨锌谢褞胁邪褌懈,1.37
褌芯褉褍胁邪褌懈,1.37
褍锌芯写褨斜薪褞胁邪褌懈褋褟,1.37
褍褋褍胁邪褌懈褋褟,1.37
褕谢褨褎褍胁邪褌懈,1.37
褦写薪邪褌懈,1.37
褨薪褎褨泻褍胁邪褌懈褋褟,1.37
斜褍斜芯薪褨褌懈,1.36
薪邪胁懈褋邪褌懈,1.36
锌械褉械蟹邪锌懈褋褍胁邪褌懈,1.36
锌褨写谐芯褉褟褌懈,1.36
褉懈褔邪褌懈,1.36
褉芯蟹'褩卸写卸邪褌懈,1.36
褋锌邪写泻褍胁邪褌懈,1.36
褋褏褉械褖褍胁邪褌懈褋褟,1.36
褍褋锌邪写泻芯胁褍胁邪褌懈褋褟,1.36
邪褋懈褋褌褍胁邪褌懈,1.34
胁写懈胁谢褟褌懈褋褟,1.34
胁械褋谢褍胁邪褌懈,1.34
胁懈泻芯褉褔芯胁褍胁邪褌懈,1.34
胁懈泻褉懈胁谢褟褌懈,1.34
胁懈锌懈褌褍胁邪褌懈,1.34
胁懈锌褉芯褕褍胁邪褌懈,1.34
胁褔懈薪褟褌懈褋褟,1.34
胁褨写屑懈泻邪褌懈,1.34
胁褨褟褌懈,1.34
写芯谐邪薪褟褌懈,1.34
蟹邪泻褉褍褔褍胁邪褌懈褋褟,1.34
蟹邪褋胁芯褞胁邪褌懈褋褟,1.34
蟹邪褋褌械褉褨谐邪褌懈,1.34
蟹邪褌褟谐褍胁邪褌懈褋褟,1.34
蟹写懈褉邪褌懈,1.34
泻芯屑锌械薪褋褍胁邪褌懈褋褟,1.34
泻芯薪褋芯谢褨写褍胁邪褌懈褋褟,1.34
泻褉邪褋褌懈褋褟,1.34
屑械褉械褏褌褨褌懈,1.34
屑芯薪械褌懈蟹褍胁邪褌懈,1.34
芯斜谢褟谐邪褌懈,1.34
锌械褉械胁械褉褌邪褌懈褋褟,1.34
锌械褉械泻褉褍褔褍胁邪褌懈,1.34
锌芯写胁芯褞胁邪褌懈褋褟,1.34
锌芯谢芯褋泻邪褌懈,1.34
锌芯谢褨褌懈蟹褍胁邪褌懈,1.34
锌芯褉邪褌懈褋褟,1.34
锌芯褉褨胁薪褞胁邪褌懈褋褟,1.34
锌芯褋褌褍谢褞胁邪褌懈,1.34
锌芯褋褟谐邪褌懈,1.34
锌芯褕泻芯写卸褍胁邪褌懈褋褟,1.34
锌褉懈泻褉懈胁邪褌懈褋褟,1.34
锌褉懈褕胁懈写褕褍胁邪褌懈,1.34
锌褉芯泻谢邪写邪褌懈褋褟,1.34
锌褉芯褋谢褍褏芯胁褍胁邪褌懈褋褟,1.34
锌褨写'褦写薪褍胁邪褌懈,1.34
锌褨写褋泻邪泻褍胁邪褌懈,1.34
褉芯蟹斜懈胁邪褌懈褋褟,1.34
褋泻邪褋芯胁褍胁邪褌懈褋褟,1.34
褋屑褨褌懈褌懈,1.34
褋屑褨褕懈褌懈,1.34
褋锌芯卸懈胁邪褌懈褋褟,1.34
褋褌芯谐薪邪褌懈,1.34
褌胁械褉写薪褍褌懈,1.34
褌褜屑褟薪褨褌懈,1.34
褍胁'褟蟹薪褞胁邪褌懈,1.34
褍胁芯写懈褌懈,1.34
褍锌褉芯胁邪写卸褍胁邪褌懈,1.34
褍褌胁械褉写卸褍胁邪褌懈褋褟,1.34
褖械写褉褍胁邪褌懈,1.34
褨薪褋褌褉褍泻褌褍胁邪褌懈,1.34
胁懈泻褍锌谢褟褌懈,1.33
写械褌芯薪褍胁邪褌懈,1.33
械泻褨锌褨褉褍胁邪褌懈,1.33
蟹邪锌邪写邪褌懈,1.33
蟹芯斜褉邪卸褍胁邪褌懈褋褟,1.33
泄屑械薪褍胁邪褌懈褋褟,1.33
泻邪褌邪谢芯谐褨蟹褍胁邪褌懈,1.33
屑械褉褌懈,1.33
薪邪泄屑懈褌褍胁邪褌懈,1.33
薪邪褋懈谢邪褌懈,1.33
芯褋邪写卸褍胁邪褌懈,1.33
锌褉懈褋褍写卸褍胁邪褌懈褋褟,1.33
锌褨写泻芯褉褞胁邪褌懈褋褟,1.33
锌褨写褔懈褖邪褌懈,1.33
褉邪褌懈褎褨泻芯胁褍胁邪褌懈,1.33
褉械泻胁褨蟹褍胁邪褌懈,1.33
褉械锌邪褌褉褨褞胁邪褌懈,1.33
褉芯蟹锌褨蟹薪邪胁邪褌懈褋褟,1.33
褋谢褨写懈褌懈,1.33
胁懈斜褍写芯胁褍胁邪褌懈褋褟,1.31
胁懈褉懈胁邪褌懈褋褟,1.31
胁懈褋懈锌邪褌懈,1.31
胁懈褌褟谐褍胁邪褌懈褋褟,1.31
胁泻芯褉芯褔褍胁邪褌懈,1.31
胁褉褨胁薪芯胁邪卸褍胁邪褌懈,1.31
胁褨褖邪褌懈,1.31
写懈褋褑懈锌谢褨薪褍胁邪褌懈,1.31
写褨胁邪褌懈褋褟,1.31
械胁邪泻褍泄芯胁褍胁邪褌懈,1.31
蟹邪谢褨褌邪褌懈,1.31
蟹谐褍褖褍胁邪褌懈褋褟,1.31
蟹谢褟谐邪褌懈褋褟,1.31
蟹褉芯褋褌邪褌懈褋褟,1.31
蟹褕懈胁邪褌懈,1.31
蟹褨谐褉褨胁邪褌懈,1.31
泻芯屑锌芯褋褌褍胁邪褌懈,1.31
泻褉懈屑褨薪邪谢褨蟹褍胁邪褌懈,1.31
谢懈薪褟褌懈,1.31
屑芯褋褌懈褌懈,1.31
薪邪写褍胁邪褌懈,1.31
薪邪蟹薪邪褔邪褌懈,1.31
芯斜'褩蟹写懈褌懈,1.31
芯斜胁芯写懈褌懈,1.31
芯斜谐芯褉褌邪褌懈,1.31
芯斜谢邪褕褌芯胁褍胁邪褌懈褋褟,1.31
芯斜谢懈胁邪褌懈,1.31
芯斜褉邪褏芯胁褍胁邪褌懈,1.31
芯斜褍屑芯胁谢褞胁邪褌懈褋褟,1.31
芯泻懈褋谢褞胁邪褌懈褋褟,1.31
芯褌褉懈屑褍胁邪褌懈褋褟,1.31
锌械褉械卸芯胁褍胁邪褌懈,1.31
锌械褉械屑邪谢褜芯胁褍胁邪褌懈,1.31
锌械褉械褎邪褉斜芯胁褍胁邪褌懈,1.31
锌芯褉懈胁邪褌懈,1.31
锌芯褩褌懈,1.31
锌褉懈蟹懈胁邪褌懈,1.31
锌褉懈褌褟谐邪褌懈褋褟,1.31
锌褉芯褋懈褌懈褋褟,1.31
锌褨写'褦写薪褍胁邪褌懈褋褟,1.31
锌褨写泻褉褨锌谢褞胁邪褌懈,1.31
锌褨写泻褍锌芯胁褍胁邪褌懈,1.31
锌褨写褉芯蟹写褨谢褟褌懈褋褟,1.31
锌褨写褋胁褨褔褍胁邪褌懈,1.31
褉邪褑褨芯薪邪谢褨蟹褍胁邪褌懈,1.31
褉芯蟹锌褍褕褍胁邪褌懈,1.31
褉芯蟹褉褨蟹薪褞胁邪褌懈,1.31
褉芯蟹褋械谢褟褌懈,1.31
褉芯蟹褋褨泻邪褌懈,1.31
褉褨蟹褜斜懈褌懈,1.31
褋邪屑芯芯褉谐邪薪褨蟹芯胁褍胁邪褌懈褋褟,1.31
褋胁褨褌邪褌懈,1.31
褋泻芯褔褍胁邪褌懈褋褟,1.31
褋褌懈谢褨蟹褍胁邪褌懈,1.31
褌械褉械斜懈褌懈,1.31
褍褕泻芯写卸褍胁邪褌懈,1.31
覒褉褍薪褌褍胁邪褌懈,1.31
胁写懈褉邪褌懈褋褟,1.30
胁懈褟褋薪褞胁邪褌懈,1.30
蟹邪谢褟谐邪褌懈,1.30
泻芯薪褑械褉褌褍胁邪褌懈,1.30
泻芯褉芯薪褍胁邪褌懈褋褟,1.30
泻芯褌懈褉褍胁邪褌懈褋褟,1.30
芯褋胁褨写褔褍胁邪褌懈褋褟,1.30
芯褑懈褎褉芯胁褍胁邪褌懈,1.30
锌邪褉邪褎褍胁邪褌懈,1.30
锌褉懈锌谢褨褌邪褌懈,1.30
褉械蟹芯薪褍胁邪褌懈,1.30
褎褍薪泻褑褨褞胁邪褌懈,1.30
邪泻褉械写懈褌褍胁邪褌懈,1.28
斜褨谢懈褌懈,1.28
胁懈斜谢懈褋泻褍胁邪褌懈,1.28
胁懈褌褉懈屑褍胁邪褌懈褋褟,1.28
胁懈褔械褉锌褍胁邪褌懈褋褟,1.28
胁褨写褋锌褨胁褍胁邪褌懈,1.28
谐芯谢芯褋懈褌懈,1.28
谐褍斜懈褌懈褋褟,1.28
写芯谢懈胁邪褌懈,1.28
械泻褋锌褉芯锌褉褨褞胁邪褌懈,1.28
卸邪写邪褌懈,1.28
蟹邪斜邪褉胁谢褞胁邪褌懈,1.28
蟹邪胁懈褖褍胁邪褌懈,1.28
蟹邪泻懈写褍胁邪褌懈,1.28
蟹邪薪懈卸褍胁邪褌懈,1.28
蟹邪芯褏芯褔褍胁邪褌懈褋褟,1.28
蟹邪锌械胁薪褟褌懈,1.28
蟹邪锌褉芯褕褍胁邪褌懈褋褟,1.28
蟹邪褋褌懈谐邪褌懈,1.28
蟹褍屑芯胁谢褞胁邪褌懈褋褟,1.28
蟹褑褨谢褟褌懈,1.28
蟹褨褕褌芯胁褏褍胁邪褌懈褋褟,1.28
泻芯屑械褉褑褨邪谢褨蟹褍胁邪褌懈,1.28
泻褍锌褍胁邪褌懈褋褟,1.28
薪邪斜谢懈卸褍胁邪褌懈,1.28
薪邪卸懈胁邪褌懈,1.28
薪邪屑芯胁谢褟褌懈,1.28
薪邪褑褨谢褞胁邪褌懈,1.28
薪芯褉屑褍胁邪褌懈,1.28
芯斜写褍褉褞胁邪褌懈,1.28
芯谐芯谢褞胁邪褌懈,1.28
芯泻芯锌褍胁邪褌懈褋褟,1.28
芯褋泻邪褉卸褍胁邪褌懈褋褟,1.28
锌邪褌械薪褌褍胁邪褌懈,1.28
锌械褉械谐芯褉褌邪褌懈,1.28
锌械褉械芯斜谢邪写薪褍胁邪褌懈,1.28
锌谢邪薪褍胁邪褌懈褋褟,1.28
锌芯薪懈卸褍胁邪褌懈,1.28
锌芯褟胁谢褟褌懈褋褟,1.28
锌褉懈褋懈锌邪褌懈,1.28
锌褉懈褌褟谐褍胁邪褌懈褋褟,1.28
锌褉懈褏芯胁褍胁邪褌懈褋褟,1.28
锌褉芯胁褨褌褉褞胁邪褌懈,1.28
锌褉芯泻褉褍褔褍胁邪褌懈,1.28
锌褉芯褋褌械卸褍胁邪褌懈褋褟,1.28
锌褉芯褋褌褍锌邪褌懈,1.28
锌褉芯褌褟谐褍胁邪褌懈,1.28
锌褉芯褕褌芯胁褏褍胁邪褌懈,1.28
锌褨写胁褨褕褍胁邪褌懈褋褟,1.28
褉芯蟹谐芯泄写褍胁邪褌懈,1.28
褉芯蟹谐芯泄写褍胁邪褌懈褋褟,1.28
褉芯蟹褉褟写卸邪褌懈褋褟,1.28
褉芯蟹褋懈锌邪褌懈褋褟,1.28
褉芯蟹褋褍胁邪褌懈褋褟,1.28
褋泻褍锌褔褍胁邪褌懈褋褟,1.28
褋锌谢邪褔褍胁邪褌懈褋褟,1.28
褋褌懈褉邪褌懈褋褟,1.28
褌械褋褌褍胁邪褌懈褋褟,1.28
褍写邪胁邪褌懈褋褟,1.28
褍写芯斜褉褞胁邪褌懈,1.28
褍褌褨谢褞胁邪褌懈,1.28
褏褍写薪褍褌懈,1.28
褏褍谢褨谐邪薪懈褌懈,1.28
褖械锌懈褌懈,1.28
褨薪泻芯褉锌芯褉褍胁邪褌懈,1.28
胁褨写斜褍写芯胁褍胁邪褌懈褋褟,1.27
谐械褉芯褩蟹褍胁邪褌懈,1.27
写械屑芯斜褨谢褨蟹褍胁邪褌懈,1.27
写褉芯斜懈褌懈褋褟,1.27
械谢械泻褌褉懈褎褨泻褍胁邪褌懈,1.27
蟹褨褋褌邪胁谢褟褌懈褋褟,1.27
泻褉懈褋褌邪谢褨蟹褍胁邪褌懈,1.27
屑邪褏谢褞胁邪褌懈,1.27
屑褍褋芯谢懈褌懈,1.27
薪邪褑褜泻芯胁褍胁邪褌懈,1.27
薪褟薪褜褔懈褌懈褋褟,1.27
芯斜褉芯斜谢褞胁邪褌懈,1.27
褉卸邪褌懈,1.27
褉芯蟹锌褉芯写褍胁邪褌懈,1.27
褏薪懈泻邪褌懈,1.27
褕褌褍褉褏邪褌懈,1.27
邪屑芯褉褌懈蟹褍胁邪褌懈,1.25
邪薪邪谢褨蟹褍胁邪褌懈褋褟,1.25
邪褉褌懈泻褍谢褞胁邪褌懈,1.25
胁懈斜褨谐邪褌懈,1.25
胁懈屑邪谢褜芯胁褍胁邪褌懈褋褟,1.25
胁懈屑懈泻邪褌懈褋褟,1.25
胁懈褋谢懈蟹邪褌懈,1.25
胁褨写'褦写薪褍胁邪褌懈,1.25
胁褨写屑褨褉褟褌懈,1.25
胁褨写褕谢褨褎芯胁褍胁邪褌懈,1.25
谐薪芯斜懈褌懈,1.25
谐褉懈屑褨褌懈,1.25
写械褑械薪褌褉邪谢褨蟹褍胁邪褌懈,1.25
蟹邪谐邪写褍胁邪褌懈,1.25
蟹邪写懈胁谢褟褌懈褋褟,1.25
蟹邪泻谢褞褔邪褌懈,1.25
蟹邪泻褍锌谢褟褌懈,1.25
蟹邪锌谢褍褌褍胁邪褌懈,1.25
蟹邪褋谢褨锌谢褞胁邪褌懈,1.25
蟹邪褌芯褔褍胁邪褌懈,1.25
蟹邪褎邪褉斜芯胁褍胁邪褌懈,1.25
蟹谢懈锌邪褌懈褋褟,1.25
蟹薪械蟹邪褉邪卸褍胁邪褌懈,1.25
蟹薪芯褋懈褌懈褋褟,1.25
泻褉邪褟褌懈,1.25
泻褉芯锌懈褌懈,1.25
泻褍谢褜谐邪褌懈,1.25
屑邪褉泻褍胁邪褌懈褋褟,1.25
屑薪芯卸懈褌懈褋褟,1.25
薪邪锌褍胁邪褌懈,1.25
薪邪锌褍褋泻邪褌懈,1.25
芯斜褋懈锌邪褌懈褋褟,1.25
芯谐谢褍褕邪褌懈,1.25
芯谐芯褉褌邪褌懈,1.25
芯锌褉芯屑褨薪褞胁邪褌懈,1.25
芯锌褨泻褍胁邪褌懈,1.25
锌械褉械谐芯褉芯写卸褍胁邪褌懈,1.25
锌械褉械写锌谢邪褔褍胁邪褌懈,1.25
锌械褉械褉芯写卸褍胁邪褌懈褋褟,1.25
锌械褉褋芯薪邪谢褨蟹褍胁邪褌懈,1.25
锌芯写胁芯褞胁邪褌懈,1.25
锌褉械褋懈薪谐褍胁邪褌懈,1.25
锌褉懈褌褍谢褟褌懈褋褟,1.25
锌褉芯谐谢褟写邪褌懈褋褟,1.25
锌褉芯谐褉褨胁邪褌懈褋褟,1.25
锌褉芯褋胁褨褖邪褌懈,1.25
锌褍褏薪褍褌懈,1.25
锌褨写泻谢邪写邪褌懈,1.25
锌褨写屑褨薪褞胁邪褌懈,1.25
锌褨写褋褌褉懈谐邪褌懈,1.25
褉械泻褌懈,1.25
褉芯蟹泻褉褍褔褍胁邪褌懈褋褟,1.25
褉芯蟹薪芯褋懈褌懈褋褟,1.25
褋懈锌邪褌懈褋褟,1.25
褋薪褍胁邪褌懈,1.25
褋褌懈褋泻褍胁邪褌懈,1.25
褍谢邪褕褌芯胁褍胁邪褌懈,1.25
褍锌懈褉邪褌懈褋褟,1.25
褍褉褟写褍胁邪褌懈,1.25
褍褋褌邪薪芯胁谢褞胁邪褌懈褋褟,1.25
褕屑邪谐邪褌懈,1.25
褨薪写懈胁褨写褍邪谢褨蟹褍胁邪褌懈,1.25
锌邪泻褍胁邪褌懈褋褟,1.24
锌褉懈褉褨蟹邪褌懈,1.24
胁懈胁械褉谐邪褌懈,1.23
谐褉懈蟹褌懈褋褟,1.23
写械褕懈褎褉褍胁邪褌懈,1.23
蟹邪褌褍褏邪褌懈,1.23
蟹谢懈蟹褍胁邪褌懈,1.23
蟹褔懈褌褍胁邪褌懈褋褟,1.23
泻芯写褍胁邪褌懈褋褟,1.23
泻芯薪胁芯褞胁邪褌懈,1.23
薪械褉械褋褌懈褌懈褋褟,1.23
芯斜胁邪谢褞胁邪褌懈褋褟,1.23
芯褋褍褕褍胁邪褌懈,1.23
锌械褉械锌褉芯褎褨谢褞胁邪褌懈褋褟,1.23
褉械泻褉褍褌褍胁邪褌懈,1.23
褋锌邪屑懈褌懈,1.23
褋褌懈泻褍胁邪褌懈褋褟,1.23
褋褌芯胁斜懈褔懈褌懈,1.23
邪斜褋芯谢褞褌懈蟹褍胁邪褌懈,1.21
邪胁褌芯褉懈蟹褍胁邪褌懈褋褟,1.21
邪褋懈谐薪褍胁邪褌懈,1.21
斜邪谐邪褌褨褌懈,1.21
斜褨谢褨褌懈,1.21
胁懈谐懈薪邪褌懈,1.21
胁懈蟹褉褨胁邪褌懈,1.21
胁懈锌谢褍褌褍胁邪褌懈褋褟,1.21
胁懈褋械谢褟褌懈褋褟,1.21
胁懈褌懈褋泻邪褌懈,1.21
胁懈褔械褉锌褍胁邪褌懈,1.21
胁泻懈写邪褌懈,1.21
胁褌芯屑谢褞胁邪褌懈,1.21
胁褨写锌褍褋泻邪褌懈褋褟,1.21
胁褨写褉褨泻邪褌懈褋褟,1.21
胁褨写褨谐褉邪胁邪褌懈褋褟,1.21
谐邪褉屑芯薪褨褞胁邪褌懈,1.21
谐谢褞褔懈褌懈,1.21
谐褉邪胁褨褉褍胁邪褌懈,1.21
写芯胁芯蟹懈褌懈,1.21
写芯褌懈泻邪褌懈褋褟,1.21
械泻褋锌芯薪褍胁邪褌懈褋褟,1.21
卸邪谢褍胁邪褌懈,1.21
蟹邪斜褍胁邪褌懈褋褟,1.21
蟹邪胁懈胁邪褌懈,1.21
蟹邪锌械褔邪褌褍胁邪褌懈,1.21
蟹邪锌懈谢褞胁邪褌懈,1.21
蟹邪褋谢褍褏芯胁褍胁邪褌懈,1.21
蟹斜褍褉褞胁邪褌懈,1.21
泻芯褩褌懈褋褟,1.21
薪邪卸懈胁邪褌懈褋褟,1.21
薪邪泻谢械褞胁邪褌懈,1.21
薪邪锌懈胁邪褌懈褋褟,1.21
薪邪褌褟谐邪褌懈,1.21
薪邪褑褨谢褞胁邪褌懈褋褟,1.21
芯斜屑邪蟹褍胁邪褌懈,1.21
芯斜屑懈薪邪褌懈,1.21
芯斜锌邪谢褞胁邪褌懈,1.21
芯斜褋屑邪卸褍胁邪褌懈,1.21
芯谐芯谢芯褕褍胁邪褌懈褋褟,1.21
芯蟹薪邪泄芯屑谢褞胁邪褌懈,1.21
芯泻懈褋谢褞胁邪褌懈,1.21
锌械褉械斜懈胁邪褌懈褋褟,1.21
锌械褉械胁'褟蟹褍胁邪褌懈,1.21
锌械褉械泻谢褞褔邪褌懈,1.21
锌械褉械锌褉芯写邪胁邪褌懈,1.21
锌谢芯写懈褌懈,1.21
锌芯蟹懈褑褨褞胁邪褌懈,1.21
锌芯谢褨褉褍胁邪褌懈,1.21
锌芯褉褟写泻褍胁邪褌懈,1.21
锌芯褋褨胁邪褌懈,1.21
锌褉懈泻谢邪写邪褌懈褋褟,1.21
锌褉懈屑邪薪褞胁邪褌懈,1.21
锌褉芯谐懈薪邪褌懈褋褟,1.21
锌褉芯锌褍褋泻邪褌懈褋褟,1.21
褉械泻谢邪屑褍胁邪褌懈褋褟,1.21
褉械屑芯薪褌褍胁邪褌懈褋褟,1.21
褉芯蟹'褩卸写卸邪褌懈褋褟,1.21
褉芯蟹斜谢芯泻芯胁褍胁邪褌懈,1.21
褉芯蟹写懈褉邪褌懈,1.21
褉芯蟹褍褔褍胁邪褌懈,1.21
褉芯蟹褨谐褉褨胁邪褌懈褋褟,1.21
褋邪屑芯胁褨写薪芯胁谢褞胁邪褌懈褋褟,1.21
褋锌邪褋邪褌懈,1.21
褋锌褉懈褔懈薪褟褌懈褋褟,1.21
褋褌褉褍谐邪褌懈,1.21
褋褌褟谐邪褌懈,1.21
褋褍褉屑懈褌懈,1.21
褋褍褕懈褌懈褋褟,1.21
褌械褋邪褌懈,1.21
褌芯胁泻褌懈,1.21
褍胁褨褔薪褞胁邪褌懈,1.21
褍褖褨谢褜薪褞胁邪褌懈褋褟,1.21
褎芯褉屑褍谢褞胁邪褌懈褋褟,1.21
褏懈褌邪褌懈,1.21
褖械斜械褌邪褌懈,1.21
褖械蟹邪褌懈,1.21
褨蟹芯谢褞胁邪褌懈褋褟,1.21
褨薪邪泻褌懈胁褍胁邪褌懈,1.21
褨薪褌械褉薪褍胁邪褌懈,1.21
胁褨写泻芯褔褍胁邪褌懈褋褟,1.20
写芯褖懈褌懈,1.20
写褍褌懈褋褟,1.20
械泻褉邪薪褍胁邪褌懈,1.20
卸懈褌懈褋褟,1.20
谢邪斜邪褌懈,1.20
薪邪胁械褉褌邪褌懈褋褟,1.20
锌械褉械锌谢邪胁谢褟褌懈,1.20
锌械褉械褋懈谢邪褌懈褋褟,1.20
锌芯斜褍褌褍胁邪褌懈,1.20
锌芯谢芯薪褨蟹褍胁邪褌懈,1.20
锌褉芯谐芯褉褌邪褌懈,1.20
褉芯蟹泻芯谢褞胁邪褌懈褋褟,1.20
褋锌懈褉邪褌懈,1.20
褋锌懈褏邪褌懈,1.20
褋锌褨褕懈褌懈褋褟,1.20
邪斜褋褌褉邪谐褍胁邪褌懈,1.17
邪褌褉芯褎褍胁邪褌懈褋褟,1.17
斜懈褔褍胁邪褌懈,1.17
斜谢械褎褍胁邪褌懈,1.17
胁械褋械谢懈褌懈,1.17
胁懈写懈褉邪褌懈褋褟,1.17
胁懈写懈褏邪褌懈,1.17
胁懈泻谢褞褔邪褌懈褋褟,1.17
胁懈褉褨胁薪褞胁邪褌懈褋褟,1.17
胁懈褋屑懈泻褍胁邪褌懈,1.17
胁懈褋褨泻邪褌懈,1.17
胁懈褏胁邪谢褟褌懈褋褟,1.17
胁懈褔懈褖邪褌懈,1.17
胁褉芯褋褌邪褌懈,1.17
胁褨写胁邪褉褞胁邪褌懈,1.17
胁褨写褋褍胁邪褌懈,1.17
谐邪薪懈褌懈,1.17
写械谐褍褋褌褍胁邪褌懈,1.17
写芯屑邪谢褜芯胁褍胁邪褌懈,1.17
卸械薪懈褌懈,1.17
卸芯胁褌褨褌懈,1.17
蟹邪胁'褟蟹褍胁邪褌懈褋褟,1.17
蟹邪胁屑懈褉邪褌懈,1.17
蟹邪谐芯褞胁邪褌懈,1.17
蟹邪薪芯褋懈褌懈褋褟,1.17
蟹邪薪芯褌芯胁褍胁邪褌懈,1.17
蟹邪锌邪褋邪褌懈褋褟,1.17
蟹邪锌芯褔邪褌泻芯胁褍胁邪褌懈,1.17
蟹邪褋屑芯泻褌褍胁邪褌懈,1.17
蟹邪褋褌褉褟谐邪褌懈,1.17
蟹写邪胁谢褞胁邪褌懈,1.17
蟹褉褨蟹褍胁邪褌懈,1.17
泻邪谢褨斜褉褍胁邪褌懈,1.17
泻芯薪邪褌懈,1.17
泻芯芯锌械褉褍胁邪褌懈褋褟,1.17
泻芯锌褌懈褌懈,1.17
泻褉邪褋褍胁邪褌懈褋褟,1.17
泻褉懈褕懈褌懈,1.17
泻褉懈褕懈褌懈褋褟,1.17
泻褉芯褩褌懈,1.17
谢懈褏芯褋谢芯胁懈褌懈,1.17
屑械褌邪斜芯谢褨蟹褍胁邪褌懈,1.17
屑懈谐芯褌褨褌懈,1.17
屑懈褉懈褌懈,1.17
屑芯褉写褍胁邪褌懈,1.17
屑褍写褉褍胁邪褌懈,1.17
屑褍褉泻芯褌褨褌懈,1.17
薪邪写褨谢褟褌懈褋褟,1.17
薪邪泻邪褔褍胁邪褌懈,1.17
薪邪薪懈蟹褍胁邪褌懈,1.17
薪邪褉邪卸邪褌懈褋褟,1.17
薪褍写懈褌懈,1.17
芯斜写邪褉芯胁褍胁邪褌懈,1.17
芯斜褨谐褉褍胁邪褌懈,1.17
芯写褉褍卸褍胁邪褌懈,1.17
芯屑芯谢芯写卸褍胁邪褌懈,1.17
芯锌芯薪褍胁邪褌懈,1.17
芯褋谢邪斜谢褞胁邪褌懈,1.17
芯褋谢邪斜谢褟褌懈,1.17
锌械褉械胁懈泻芯薪褍胁邪褌懈,1.17
锌械褉械谐褉褨胁邪褌懈褋褟,1.17
锌械褉械泻芯薪褍胁邪褌懈褋褟,1.17
锌械褉械谢懈胁邪褌懈褋褟,1.17
锌械褉械锌褉芯写褍胁邪褌懈,1.17
锌械褉械褋泻邪泻褍胁邪褌懈,1.17
锌芯胁褨写芯屑谢褟褌懈褋褟,1.17
锌芯蟹懈胁邪褌懈褋褟,1.17
锌芯蟹褨褏邪褌懈,1.17
锌芯薪芯胁谢褞胁邪褌懈褋褟,1.17
锌芯褋谢邪斜谢褞胁邪褌懈褋褟,1.17
锌芯褋谢邪斜谢褟褌懈,1.17
锌褉懈斜懈褉邪褌懈褋褟,1.17
锌褉懈褉褨胁薪褞胁邪褌懈褋褟,1.17
锌褉懈褌懈褋泻邪褌懈褋褟,1.17
锌褉芯胁械褉褌邪褌懈,1.17
锌褉芯谢邪蟹懈褌懈,1.17
锌褉芯褋芯褔褍胁邪褌懈,1.17
锌褨写'褩卸写卸邪褌懈,1.17
锌褨写屑芯胁谢褟褌懈,1.17
锌褨写薪芯褋懈褌懈褋褟,1.17
锌褨写锌谢懈胁邪褌懈,1.17
褉械胁褨蟹褍胁邪褌懈,1.17
褉械谐褉械褋褍胁邪褌懈,1.17
褉械芯褉谐邪薪褨蟹褍胁邪褌懈褋褟,1.17
褉芯蟹泻谢械褞胁邪褌懈,1.17
褉芯蟹谢褍褔邪褌懈,1.17
褋械谐屑械薪褌褍胁邪褌懈,1.17
褋械泻褉械褌褍胁邪褌懈,1.17
褋泻芯褕褍胁邪褌懈,1.17
褋泻褉懈锌褨褌懈,1.17
褋芯谢褨写邪褉懈蟹褍胁邪褌懈褋褟,1.17
褋褌械谢懈褌懈,1.17
褋褌懈屑褍谢褞胁邪褌懈褋褟,1.17
褋褨写谢邪褌懈,1.17
褌械褉蟹邪褌懈,1.17
褌械褉褌懈褋褟,1.17
褌芯褔懈褌懈褋褟,1.17
褌褉邪胁懈褌懈,1.17
褍锌芯胁褨谢褜薪褞胁邪褌懈褋褟,1.17
褍褋胁褨写芯屑谢褞胁邪褌懈褋褟,1.17
褍褋褌褍锌邪褌懈,1.17
褍褖褨谢褜薪褞胁邪褌懈,1.17
褎邪褋褍胁邪褌懈,1.17
褎褍薪写褍胁邪褌懈,1.17
褔邪褋褌褍胁邪褌懈,1.17
褕泻褉械斜褌懈,1.17
胁懈胁械褉谐邪褌懈褋褟,1.16
胁褨写薪褨屑邪褌懈褋褟,1.16
写懈褋谢芯泻褍胁邪褌懈褋褟,1.16
械泻褋谐褍屑褍胁邪褌懈,1.16
蟹邪谢芯屑谢褞胁邪褌懈,1.16
蟹邪屑褨褖褍胁邪褌懈褋褟,1.16
蟹屑褨褖邪褌懈,1.16
蟹芯薪写褍胁邪褌懈,1.16
薪邪写褍胁邪褌懈褋褟,1.16
薪邪褉芯褖褍胁邪褌懈褋褟,1.16
芯斜卸懈胁邪褌懈褋褟,1.16
褉械谐械薪械褉褍胁邪褌懈褋褟,1.16
褉芯蟹褔谢械薪芯胁褍胁邪褌懈,1.16
褋锌邪褉芯胁褍胁邪褌懈褋褟,1.16
褋褌褉褨屑懈褌懈,1.16
褋褍斜谢褨屑褍胁邪褌懈,1.16
褌械谢械锌芯褉褌褍胁邪褌懈,1.16
斜芯褉芯蟹薪懈褌懈,1.12
斜褨写褍胁邪褌懈,1.12
胁械褉蟹褌懈,1.12
胁懈胁邪褉褞胁邪褌懈,1.12
胁懈胁芯蟹懈褌懈褋褟,1.12
胁懈泻褉械褋谢褞胁邪褌懈,1.12
胁懈泻褍锌邪褌懈褋褟,1.12
胁懈屑褨薪褞胁邪褌懈,1.12
胁懈锌邪褉芯胁褍胁邪褌懈,1.12
胁懈褋懈锌邪褌懈褋褟,1.12
胁屑懈胁邪褌懈,1.12
胁锌懈褉邪褌懈褋褟,1.12
胁褨写'褦写薪褍胁邪褌懈褋褟,1.12
胁褨写斜懈褉邪褌懈褋褟,1.12
胁褨写泻谢褞褔邪褌懈褋褟,1.12
胁褨写泻褍褕褍胁邪褌懈,1.12
胁褨写锌褉邪褑褜芯胁褍胁邪褌懈褋褟,1.12
胁褨写褎褨谢褜褌褉芯胁褍胁邪褌懈,1.12
胁褨写褕邪褉芯胁褍胁邪褌懈褋褟,1.12
谐械褉屑械褌懈蟹褍胁邪褌懈,1.12
谐芯薪懈褌懈,1.12
写械泻芯薪褋褌褉褍褞胁邪褌懈,1.12
写芯斜褍胁邪褌懈褋褟,1.12
蟹邪胁邪谢褞胁邪褌懈褋褟,1.12
蟹邪谐谢褍褕邪褌懈,1.12
蟹邪写芯斜褉褞胁邪褌懈,1.12
蟹邪泻懈锌邪褌懈,1.12
蟹邪泻褍锌邪褌懈,1.12
蟹邪褋懈写卸褍胁邪褌懈褋褟,1.12
蟹邪褋懈褏邪褌懈,1.12
蟹邪褋屑褨褔褍胁邪褌懈,1.12
蟹斜芯胁褌褍胁邪褌懈,1.12
蟹胁邪谢褞胁邪褌懈褋褟,1.12
蟹胁械谢懈褔褍胁邪褌懈,1.12
蟹谢邪蟹懈褌懈,1.12
蟹谢芯褋谢芯胁懈褌懈,1.12
泻胁邪褋懈褌懈,1.12
泻芯薪褑械锌褌褍邪谢褨蟹褍胁邪褌懈,1.12
屑邪褌械褉褨邪谢褨蟹褍胁邪褌懈,1.12
屑褍蟹懈泻褍胁邪褌懈,1.12
薪邪斜褉褟泻邪褌懈,1.12
薪邪锌褉邪褑褜芯胁褍胁邪褌懈,1.12
薪芯褌褍胁邪褌懈,1.12
薪褟胁泻邪褌懈,1.12
芯斜斜懈胁邪褌懈,1.12
芯斜薪褨屑邪褌懈褋褟,1.12
芯斜褉褨蟹褍胁邪褌懈,1.12
芯锌邪写邪褌懈,1.12
芯褋胁褨褌谢褞胁邪褌懈褋褟,1.12
芯褔懈褖邪褌懈褋褟,1.12
锌械褉械胁邪谢褞胁邪褌懈,1.12
锌械褉械胁写褟谐邪褌懈褋褟,1.12
锌械褉械写褉褍泻芯胁褍胁邪褌懈,1.12
锌械褉械泻褍褕褍胁邪褌懈,1.12
锌芯谐谢懈斜谢褞胁邪褌懈褋褟,1.12
锌芯屑'褟泻褕褍胁邪褌懈褋褟,1.12
锌芯屑褨褕褍胁邪褌懈,1.12
锌芯薪械胁芯谢褞胁邪褌懈,1.12
锌芯褉懈薪邪褌懈,1.12
锌芯褋械谢褟褌懈,1.12
锌芯褋褌懈褌懈褋褟,1.12
锌芯褋褌褍胁邪褌懈,1.12
锌褉懈泻褉褨锌谢褟褌懈,1.12
锌褉懈屑懈褉褟褌懈,1.12
锌褉懈锌褉邪胁谢褟褌懈,1.12
锌褉芯写褍胁邪褌懈,1.12
锌褉芯褋褌邪胁谢褟褌懈,1.12
锌褍谢褜褋褍胁邪褌懈,1.12
锌褨写胁芯写懈褌懈褋褟,1.12
锌褨写写械褉卸褍胁邪褌懈,1.12
锌褨写屑褨褕褍胁邪褌懈,1.12
褉械写邪谐褍胁邪褌懈褋褟,1.12
褉械褌懈褉褍胁邪褌懈褋褟,1.12
褉械褎褨薪邪薪褋褍胁邪褌懈,1.12
褉懈薪褨褌懈,1.12
褉芯蟹'褩写邪褌懈,1.12
褉芯蟹写屑褍褏褍胁邪褌懈,1.12
褉芯蟹屑褨薪芯胁褍胁邪褌懈,1.12
褉芯蟹褋邪写卸褍胁邪褌懈,1.12
褉芯蟹褌懈薪邪褌懈,1.12
褋胁褟褖械薪薪芯写褨褟褌懈,1.12
褋芯褑褨邪谢褨蟹褍胁邪褌懈褋褟,1.12
褋锌邪谢褞胁邪褌懈褋褟,1.12
褋锌芯褌胁芯褉褞胁邪褌懈褋褟,1.12
褋锌褨胁锌邪写邪褌懈,1.12
褋褌邪胁邪褌懈褋褟,1.12
褋褌懈泻褍胁邪褌懈,1.12
褌褉邪胁屑褍胁邪褌懈褋褟,1.12
褌褉褍斜懈褌懈,1.12
褌褍谢懈褌懈褋褟,1.12
褍胁邪卸邪褌懈褋褟,1.12
褍褋邪屑褨褌薪褞胁邪褌懈褋褟,1.12
褍褋懈薪芯胁谢褞胁邪褌懈,1.12
褎邪斜褉懈泻褍胁邪褌懈,1.12
褏懈褌褉褍胁邪褌懈,1.12
褔邪褏薪褍褌懈,1.12
褨屑锌芯褉褌褍胁邪褌懈褋褟,1.12
褨褉芯薪褨蟹褍胁邪褌懈,1.12
胁懈卸懈屑邪褌懈,1.11
胁懈芯泻褉械屑谢褞胁邪褌懈褋褟,1.11
胁懈褉芯写卸褍胁邪褌懈褋褟,1.11
胁褨写泻褍锌芯胁褍胁邪褌懈褋褟,1.11
写械屑芯斜褨谢褨蟹褍胁邪褌懈褋褟,1.11
蟹邪泻谢懈薪邪褌懈,1.11
蟹邪屑芯褌褍胁邪褌懈,1.11
蟹胁褨谢褜薪褞胁邪褌懈,1.11
屑芯写懈褎褨泻褍胁邪褌懈褋褟,1.11
屑褨泻褕褍胁邪褌懈,1.11
芯斜'褩写邪褌懈,1.11
芯褎褨褉褍胁邪褌懈,1.11
锌械褉械蟹邪褉褟写卸邪褌懈褋褟,1.11
锌械褉械褋屑懈泻褍胁邪褌懈,1.11
锌芯褌懈泻邪褌懈,1.11
锌褉懈斜褍写芯胁褍胁邪褌懈,1.11
锌褉懈褔邪谢褞胁邪褌懈,1.11
褉械卸懈褋械褉褍胁邪褌懈,1.11
褉懈谐邪褌懈,1.11
褋薪懈褌懈,1.11
褋锌谢邪胁谢褟褌懈,1.11
褋锌芯褉褍写卸褍胁邪褌懈褋褟,1.11
褋褌褉邪褕懈褌懈,1.11
褌懈褌褍谢褍胁邪褌懈,1.11
褌懈褌褍谢褍胁邪褌懈褋褟,1.11
褌褉褨锌芯褌褨褌懈,1.11
褏芯谢芯薪褍褌懈,1.11
斜邪褉懈褌懈褋褟,1.07
斜褉懈蟹泻邪褌懈,1.07
斜褍褕褍胁邪褌懈,1.07
胁写褍胁邪褌懈,1.07
胁懈胁褨写褍胁邪褌懈,1.07
胁懈屑褨褌邪褌懈,1.07
胁懈锌芯褉芯卸薪褞胁邪褌懈褋褟,1.07
胁懈锌褉褟屑谢褟褌懈,1.07
胁懈褉褍胁邪褌懈,1.07
胁懈褋薪邪卸褍胁邪褌懈褋褟,1.07
胁懈褋锌褨胁褍胁邪褌懈,1.07
胁懈褋褌芯褞胁邪褌懈,1.07
胁懈褋褍褕褍胁邪褌懈,1.07
胁懈褌邪褌懈,1.07
胁懈褌懈褋褟,1.07
胁懈褌褟谐邪褌懈褋褟,1.07
胁屑芯薪褌芯胁褍胁邪褌懈,1.07
胁锌褉邪胁谢褟褌懈,1.07
胁褉邪卸邪褌懈褋褟,1.07
胁褋谢褍褏邪褌懈褋褟,1.07
胁褌褉懈屑褍胁邪褌懈褋褟,1.07
胁褨写谐芯写芯胁褍胁邪褌懈,1.07
胁褨写褋泻邪泻褍胁邪褌懈,1.07
胁褨写褋褌芯褉芯薪褟褌懈,1.07
谐邪谢邪褋褍胁邪褌懈,1.07
谐邪谢褜屑褍胁邪褌懈褋褟,1.07
谐邪褋薪褍褌懈,1.07
写械胁邪谢褜胁褍胁邪褌懈,1.07
写械蟹邪胁褍褞胁邪褌懈,1.07
写械蟹邪泻褌懈胁褍胁邪褌懈,1.07
写懈褋谢芯泻褍胁邪褌懈,1.07
写芯斜褍写芯胁褍胁邪褌懈褋褟,1.07
写芯胁邪薪褌邪卸褍胁邪褌懈,1.07
写芯屑懈褋谢褞胁邪褌懈,1.07
写褉懈卸邪褌懈,1.07
蟹邪胁邪谢褞胁邪褌懈,1.07
蟹邪胁芯写懈褌懈褋褟,1.07
蟹邪锌邪谢褞胁邪褌懈褋褟,1.07
蟹邪锌谢褨写薪褞胁邪褌懈,1.07
蟹邪锌芯胁蟹邪褌懈,1.07
蟹邪褉褍褔邪褌懈褋褟,1.07
蟹邪褌械屑薪褞胁邪褌懈,1.07
蟹邪褌褨薪褞胁邪褌懈,1.07
蟹邪褏邪褉邪褖褍胁邪褌懈,1.07
蟹邪褩泻邪褌懈褋褟,1.07
蟹斜懈胁邪褌懈褋褟,1.07
蟹斜谢懈卸邪褌懈褋褟,1.07
蟹胁褨褉褟褌懈褋褟,1.07
蟹谐芯褉邪褌懈,1.07
蟹谐芯褉褟褌懈,1.07
蟹写褉懈谐邪褌懈褋褟,1.07
蟹屑褨褖邪褌懈褋褟,1.07
蟹褉懈胁邪褌懈褋褟,1.07
蟹褉褨胁薪褞胁邪褌懈,1.07
蟹褨褋泻芯胁蟹褍胁邪褌懈,1.07
蟹褨褕褌芯胁褏褍胁邪褌懈,1.07
泻邪褉褌邪褌懈,1.07
泻芯谢懈褋邪褌懈,1.07
泻芯屑锌褉芯屑械褌褍胁邪褌懈,1.07
泻芯屑褍褌褍胁邪褌懈,1.07
泻褍锌褨褉褍胁邪褌懈,1.07
屑邪泄芯褉褨褌懈,1.07
屑芯写械褉薪褨蟹芯胁褍胁邪褌懈,1.07
屑褨泻褋褍胁邪褌懈,1.07
屑褨屑褨泻褉褍胁邪褌懈,1.07
薪邪胁褨褕褍胁邪褌懈,1.07
薪邪谐褉芯屑邪写卸褍胁邪褌懈褋褟,1.07
薪邪写芯谢褍卸褍胁邪褌懈,1.07
薪邪写褉褨蟹邪褌懈,1.07
薪邪泻褉邪锌邪褌懈,1.07
薪邪谢褨褔褍胁邪褌懈褋褟,1.07
薪邪屑邪蟹褍胁邪褌懈,1.07
芯斜薪邪褉芯写褍胁邪褌懈,1.07
芯斜褉懈胁邪褌懈,1.07
芯斜褕懈胁邪褌懈,1.07
芯斜褨谐褉褨胁邪褌懈,1.07
芯泻褉褍谐谢褟褌懈,1.07
芯屑懈胁邪褌懈,1.07
芯锌芯写邪褌泻芯胁褍胁邪褌懈褋褟,1.07
芯褋泻胁械褉薪褟褌懈,1.07
芯褎芯褉屑谢褞胁邪褌懈褋褟,1.07
锌械褉械胁邪褉褞胁邪褌懈,1.07
锌械褉械胁懈蟹薪邪褔邪褌懈,1.07
锌械褉械谐芯写芯胁褍胁邪褌懈,1.07
锌械褉械写褔褍胁邪褌懈,1.07
锌械褉械谢邪蟹懈褌懈,1.07
锌械褉械屑械谢褞胁邪褌懈,1.07
锌械褉械芯褉褨褦薪褌芯胁褍胁邪褌懈褋褟,1.07
锌械褉械褉芯蟹锌芯写褨谢褟褌懈褋褟,1.07
锌械褉械褕懈胁邪褌懈,1.07
锌谢邪蟹褍胁邪褌懈,1.07
锌芯胁褌芯褉褟褌懈,1.07
锌芯谢褟褉懈蟹褍胁邪褌懈,1.07
锌芯锌邪写邪褌懈褋褟,1.07
锌褉懈谢褍褔邪褌懈褋褟,1.07
锌褉懈锌褍褋泻邪褌懈褋褟,1.07
锌褉懈褔邪褖邪褌懈,1.07
锌褉懈褟褌械谢褞胁邪褌懈,1.07
锌褉芯泻邪褌褍胁邪褌懈,1.07
锌褉芯谢邪屑褍胁邪褌懈,1.07
锌褉芯褋谢懈蟹邪褌懈,1.07
锌褉芯褋褌褟谐邪褌懈,1.07
锌褉芯褔懈褌褍胁邪褌懈,1.07
锌褨写谐芯褌芯胁谢褟褌懈,1.07
锌褨写谢懈胁邪褌懈,1.07
锌褨写锌懈褉邪褌懈,1.07
锌褨写褉芯斜谢褞胁邪褌懈,1.07
锌褨写褏芯锌谢褞胁邪褌懈,1.07
褉械褎芯褉屑褍胁邪褌懈褋褟,1.07
褉械褑懈写懈胁褍胁邪褌懈,1.07
褉械褨薪胁械褋褌褍胁邪褌懈,1.07
褉芯蟹斜褍褏邪褌懈,1.07
褉芯蟹胁邪薪褌邪卸褍胁邪褌懈褋褟,1.07
褉芯蟹写褍胁邪褌懈褋褟,1.07
褉芯蟹屑懈胁邪褌懈,1.07
褉芯蟹褉褟写卸邪褌懈,1.07
褉芯蟹褏懈褌褍胁邪褌懈褋褟,1.07
褉芯蟹褕邪褉芯胁褍胁邪褌懈褋褟,1.07
褋邪屑芯胁写芯褋泻芯薪邪谢褞胁邪褌懈褋褟,1.07
褋邪屑芯胁褨写褌胁芯褉褞胁邪褌懈褋褟,1.07
褋屑邪卸懈褌懈褋褟,1.07
褋褌芯屑谢褞胁邪褌懈,1.07
褋褌褉芯褩褌懈,1.07
褌褉邪薪褋谢褨褌械褉褍胁邪褌懈,1.07
褌褉褨褖邪褌懈,1.07
褍写褨谢褟褌懈,1.07
褍蟹邪泻芯薪褞胁邪褌懈,1.07
褍褌芯褔薪褞胁邪褌懈褋褟,1.07
褍褌褉邪褔邪褌懈,1.07
褔懈褋谢懈褌懈褋褟,1.07
褔芯褉薪褨褌懈,1.07
褨薪褨褑褨褞胁邪褌懈褋褟,1.07
邪泻谢褨屑邪褌懈蟹褍胁邪褌懈,1.06
胁褕懈胁邪褌懈褋褟,1.06
谐褨谢泻褍胁邪褌懈褋褟,1.06
写褍褉泻褍胁邪褌懈,1.06
械泻褋锌褉械褋褍胁邪褌懈,1.06
蟹斜懈褌泻褍胁邪褌懈褋褟,1.06
蟹屑懈泻邪褌懈褋褟,1.06
泻芯薪写械薪褋褍胁邪褌懈,1.06
泻芯锌褨褞胁邪褌懈褋褟,1.06
泻褍褖懈褌懈褋褟,1.06
锌邪褉褍胁邪褌懈褋褟,1.06
锌械褉械褋锌褨胁褍胁邪褌懈,1.06
锌褨写褌邪褋芯胁褍胁邪褌懈,1.06
褋锌芯胁褨写褍胁邪褌懈褋褟,1.06
褌褉邪薪褋泻褉懈斜褍胁邪褌懈,1.06
褎褨谐邪褔懈褌懈,1.06
褕泻邪薪写懈斜邪褌懈,1.06
褕泻褉褟斜邪褌懈,1.06
褨薪胁械褉褌褍胁邪褌懈,1.06
邪写褉械褋褍胁邪褌懈褋褟,1.01
邪泻褍屑褍谢褞胁邪褌懈褋褟,1.01
邪泻褑械锌褌褍胁邪褌懈,1.01
斜械褉械谐褌懈褋褟,1.01
胁懈胁械褉褌邪褌懈褋褟,1.01
胁懈写褍胁邪褌懈,1.01
胁懈写褍卸褍胁邪褌懈,1.01
胁懈屑芯褔褍胁邪褌懈,1.01
胁懈锌谢褜芯胁褍胁邪褌懈,1.01
胁懈锌褉芯斜芯胁褍胁邪褌懈褋褟,1.01
胁懈褋胁褨褌谢褞胁邪褌懈褋褟,1.01
胁懈褋芯褔褨褌懈,1.01
胁懈褌胁芯褉褞胁邪褌懈,1.01
胁懈褔懈褌褍胁邪褌懈,1.01
胁懈褕泻芯谢褞胁邪褌懈,1.01
胁泻芯褉褨薪褞胁邪褌懈褋褟,1.01
胁褋褌褉芯屑谢褟褌懈,1.01
胁褨写谐邪写褍胁邪褌懈,1.01
胁褨写谢褨褔褍胁邪褌懈,1.01
胁褨写屑械卸芯胁褍胁邪褌懈褋褟,1.01
胁褨写褉褍斜褍胁邪褌懈,1.01
胁褨写褋懈锌邪褌懈,1.01
胁褨写褋谢褨写泻芯胁褍胁邪褌懈褋褟,1.01
胁褨写褋褌褍锌邪褌懈褋褟,1.01
胁褨写褋褨泻邪褌懈,1.01
胁褨褖褍胁邪褌懈,1.01
谐薪褨褌懈褌懈,1.01
谐芯褉芯写懈褌懈,1.01
谐芯褋褌褉懈褌懈,1.01
写械锌芯谢褨褌懈蟹褍胁邪褌懈,1.01
写械褉卸邪褌懈褋褟,1.01
写芯泻褍锌芯胁褍胁邪褌懈,1.01
写芯屑褨褕褍胁邪褌懈,1.01
写芯芯锌褉邪褑褜芯胁褍胁邪褌懈,1.01
写芯褩写邪褌懈,1.01
写芯褩卸写卸邪褌懈,1.01
写褉邪褌懈,1.01
写褍褕锌邪褋褌懈褉褞胁邪褌懈,1.01
写褨邪谐薪芯褋褌褍胁邪褌懈褋褟,1.01
械泻褋褌褉邪谐褍胁邪褌懈,1.01
械褌邪锌褍胁邪褌懈,1.01
蟹邪斜褨谐邪褌懈,1.01
蟹邪胁芯谢芯写褨胁邪褌懈,1.01
蟹邪谐邪褉斜褍胁邪褌懈,1.01
蟹邪谐芯胁芯褉褞胁邪褌懈,1.01
蟹邪屑褨褕褍胁邪褌懈,1.01
蟹邪锌械褉械褔褍胁邪褌懈褋褟,1.01
蟹邪锌谢褞褖褍胁邪褌懈,1.01
蟹邪褋褨泻邪褌懈,1.01
蟹邪褌懈褏邪褌懈,1.01
蟹邪褑褨泻邪胁谢褞胁邪褌懈,1.01
蟹邪褟胁谢褟褌懈褋褟,1.01
蟹胁邪斜谢褞胁邪褌懈,1.01
蟹胁械褉褕褍胁邪褌懈褋褟,1.01
蟹谐芯谢芯褕褍胁邪褌懈褋褟,1.01
蟹写芯斜褍胁邪褌懈褋褟,1.01
蟹屑褨薪褟褌懈,1.01
蟹薪械褑褨薪褞胁邪褌懈褋褟,1.01
蟹褉褨褌懈,1.01
泻谢械褩褌懈褋褟,1.01
泻芯芯锌褌褍胁邪褌懈,1.01
泻褨薪褔邪褌懈褋褟,1.01
谢懈薪褍褌懈,1.01
谢褍泻邪胁懈褌懈,1.01
屑邪褋褌懈褌懈,1.01
屑懈褋谢懈褌懈褋褟,1.01
屑芯谢芯写褨褌懈,1.01
薪邪蟹褉褨胁邪褌懈,1.01
薪邪褉褟写卸邪褌懈,1.01
薪邪褋邪写卸褍胁邪褌懈褋褟,1.01
薪邪褔懈薪褟褌懈,1.01
芯斜'褦泻褌懈胁褍胁邪褌懈,1.01
芯斜斜懈褉邪褌懈,1.01
芯斜胁懈薪褍胁邪褔褍胁邪褌懈,1.01
芯斜谐芯褉芯写卸褍胁邪褌懈,1.01
芯斜屑芯褌褍胁邪褌懈,1.01
芯泻褍锌邪褌懈褋褟,1.01
芯锌褉芯褌械褋褌芯胁褍胁邪褌懈,1.01
芯褔懈褖褍胁邪褌懈褋褟,1.01
锌械褉械胁懈褏芯胁褍胁邪褌懈,1.01
锌械褉械蟹邪胁邪薪褌邪卸褍胁邪褌懈褋褟,1.01
锌械褉械泻芯褔褍胁邪褌懈,1.01
锌械褉械泻芯褔褍胁邪褌懈褋褟,1.01
锌械褉械屑芯胁谢褟褌懈褋褟,1.01
锌械褉械锌懈褋褍胁邪褌懈褋褟,1.01
锌械褉械锌谢褨褌邪褌懈,1.01
锌械褉械锌芯胁蟹邪褌懈,1.01
锌械褉械褋懈锌邪褌懈,1.01
锌械褉械褩写邪褌懈,1.01
锌械褌谢褟褌懈,1.01
锌芯胁邪卸邪褌懈褋褟,1.01
锌芯胁械谢褨胁邪褌懈,1.01
锌芯褋胁褨写褔褍胁邪褌懈,1.01
锌芯褌芯锌邪褌懈,1.01
锌褉械锌邪褉褍胁邪褌懈,1.01
锌褉懈写邪胁邪褌懈,1.01
锌褉芯斜褍泻褋芯胁褍胁邪褌懈,1.01
锌褉芯胁褨褖邪褌懈,1.01
锌褉芯谐褉邪胁邪褌懈褋褟,1.01
锌褉芯谐褉懈蟹邪褌懈,1.01
锌褉芯褌懈泻邪褌懈,1.01
锌褉芯褕懈胁邪褌懈,1.01
锌褨写锌褉邪褑褜芯胁褍胁邪褌懈,1.01
锌褨写褋褌械褉褨谐邪褌懈,1.01
锌褨写褋褌褍锌邪褌懈,1.01
锌褨写褌芯锌谢褞胁邪褌懈,1.01
锌褨写褕褍泻芯胁褍胁邪褌懈,1.01
褉械褌褍褕褍胁邪褌懈,1.01
褉懈褋褍胁邪褌懈,1.01
褉芯蟹斜械褖褍胁邪褌懈,1.01
褉芯蟹谢懈胁邪褌懈褋褟,1.01
褉芯蟹谢褨褌邪褌懈褋褟,1.01
褉芯蟹锌芯胁蟹邪褌懈褋褟,1.01
褉芯蟹锌褉邪胁谢褟褌懈,1.01
褉芯蟹褋懈谢邪褌懈褋褟,1.01
褉芯蟹褋谢邪斜谢褟褌懈,1.01
褉芯蟹褋屑芯泻褌褍胁邪褌懈褋褟,1.01
褉芯蟹褋褌邪胁邪褌懈褋褟,1.01
褉芯蟹褌懈褋泻邪褌懈,1.01
褉芯蟹褌褉邪褔褍胁邪褌懈,1.01
褉芯蟹褌褉褨褋泻褍胁邪褌懈褋褟,1.01
褉褍谢懈褌懈,1.01
褉褍褔邪褌懈褋褟,1.01
褋胁械褉斜褨褌懈,1.01
褋泻褉械斜褌懈,1.01
褋谢褨锌薪褍褌懈,1.01
褋芯褑褨邪谢褨蟹褍胁邪褌懈,1.01
褋锌谢褨褌邪褌懈,1.01
褋锌芯胁薪褟褌懈,1.01
褋褌褉懈谐褌懈褋褟,1.01
褋褍锌褉芯胁芯写懈褌懈褋褟,1.01
褌邪胁褉褍胁邪褌懈,1.01
褌邪屑褍胁邪褌懈,1.01
褌邪褉邪斜邪薪懈褌懈,1.01
褌械芯褉械褌懈蟹褍胁邪褌懈,1.01
褍泻芯屑锌谢械泻褌芯胁褍胁邪褌懈,1.01
褍泻褉懈胁邪褌懈,1.01
褍屑械褉褌胁谢褟褌懈,1.01
褔邪褌褍胁邪褌懈,1.01
褔懈薪懈褌懈褋褟,1.01
褕懈锌褨褌懈,1.01
褨屑褨谐褉褍胁邪褌懈,1.01
